{"type":"FeatureCollection","features":[{"type":"Feature","properties":{"code":"0189","identificatie":"GM0189","ligt_in_provincie_code":"23","ligt_in_provincie_naam":"Overijssel","naam":"Wierden"},"geometry":{"type":"Polygon","coordinates":[[[6.626066252019869,52.289973947579256],[6.631782330979025,52.30177990966698],[6.618747460339697,52.30617548917086],[6.607915099462633,52.307541326240305],[6.609209031005484,52.30768411645891],[6.610326499614329,52.307655886165016],[6.611103886704725,52.307526404805],[6.611916021521601,52.30782445049238],[6.612398477697324,52.308132900974876],[6.614065499879808,52.30847039162606],[6.614750761438856,52.309174202685924],[6.615207933534097,52.30916786374228],[6.61522379136981,52.3090391713376],[6.615449118524521,52.308842614289816],[6.616782015242794,52.30910180471197],[6.6166343494412105,52.309752639510286],[6.61643487824337,52.3098448511947],[6.6157575673616345,52.30990643442697],[6.615205536491452,52.30975795281081],[6.6150127494257465,52.309928140454964],[6.614029457215901,52.30959972190876],[6.613915124878567,52.30965899250104],[6.614042670109014,52.31000160781488],[6.613827096959105,52.310277250187596],[6.614355537434323,52.31068807196598],[6.6147165725598756,52.31111495749144],[6.6147399080546405,52.31142227723016],[6.61438942816337,52.31149796818398],[6.614446910975896,52.31157949109351],[6.614360084445742,52.31159250896988],[6.614462430722564,52.31171973149567],[6.614007897838997,52.31205616324989],[6.611427341905877,52.31312367220656],[6.610556787707166,52.313322378086404],[6.610026960589172,52.31331858304134],[6.60946575873106,52.312919775007856],[6.609203942204069,52.31240807494932],[6.60685561618267,52.312491190280795],[6.606308370040753,52.31214896828706],[6.6053508368865295,52.31201480550763],[6.605040481855974,52.31222545879527],[6.604762769470483,52.312225334963934],[6.608265969058908,52.31589391182278],[6.610229554560089,52.31639866505541],[6.609958660414939,52.31746418402164],[6.610253484494951,52.31740647526709],[6.610799207462168,52.317639376277675],[6.611529618570666,52.317774517526416],[6.611759692527009,52.31792873356888],[6.611887138927064,52.31818559191187],[6.6120558918617665,52.31832496423107],[6.612577126003238,52.318431902481734],[6.6128110114159355,52.31856240114663],[6.613073476433643,52.319024613431935],[6.612879440638235,52.31939945237645],[6.612587585322065,52.31971497355863],[6.612667261996212,52.31985471982995],[6.619020265464702,52.3261451364032],[6.616558978642943,52.32915803978234],[6.61328769283675,52.3303982364414],[6.6093183241745885,52.33225994100366],[6.606710984434789,52.33373376577988],[6.603422503040745,52.33595563196569],[6.601767688365862,52.33728169720299],[6.599467074697076,52.339491969604474],[6.598825434841822,52.34034686997058],[6.598687588420573,52.341406129421976],[6.59819908731529,52.342161994913255],[6.598271962762756,52.342193598377285],[6.59770479877282,52.34289998533877],[6.60299553650368,52.344210536195035],[6.60391574213399,52.34452491208091],[6.604673379653148,52.34489774357035],[6.608244258692151,52.349111994720296],[6.609874703614961,52.352129401439726],[6.609917045121977,52.352243108726604],[6.6097799681939176,52.352941673055895],[6.609814728847233,52.353352303706636],[6.609962980328773,52.35392228685332],[6.610318056925102,52.35445765625437],[6.611017185445085,52.355060322357815],[6.611916009288598,52.35554224227069],[6.612770215891351,52.355849036430286],[6.613773979974772,52.356062339722776],[6.614276982251559,52.35643486523835],[6.615512126121122,52.36126080505406],[6.615561380125824,52.36208383686783],[6.61530911234212,52.363033922770875],[6.614823420446257,52.36380099752926],[6.614021372530474,52.36456668551191],[6.6141034138184205,52.36461524453201],[6.613410046730987,52.3651045739336],[6.609682927467361,52.36639754333123],[6.608982215270063,52.366773343662494],[6.608515193280106,52.36721130112593],[6.608313526845349,52.36753712897814],[6.606617475038909,52.37173112493933],[6.6062389825031005,52.37241233152417],[6.590830920645285,52.39572227091297],[6.575951935564871,52.41751349818893],[6.515982361433002,52.40612226578484],[6.508538770855594,52.39215224010813],[6.514108255486641,52.38166510613467],[6.5126065346717725,52.38183956637463],[6.495516282512927,52.37618035203418],[6.496077861339804,52.36794289550288],[6.496170547799848,52.36794884903725],[6.499058628549169,52.36356192886493],[6.512452779325877,52.36266819037194],[6.512348291158883,52.36191147592286],[6.520792789918542,52.36141489211808],[6.519435004946877,52.35788276008007],[6.51887255804219,52.355161135954276],[6.511385238563452,52.35526564095542],[6.5113712933091135,52.3551637197215],[6.506663206535975,52.35527638645961],[6.505839390302694,52.35245014411983],[6.50134717631822,52.35291612062696],[6.497767929620753,52.350739982498624],[6.495977862936442,52.34995450144457],[6.490795111510276,52.34935535504785],[6.4906324283119545,52.34916668844287],[6.489133616062954,52.345954745785],[6.4887446888378015,52.345670462734645],[6.48831090427381,52.345489800088906],[6.486608697554539,52.34520866736151],[6.487450723236996,52.34443998453665],[6.488446843356847,52.34378535208921],[6.487844086144959,52.34340645898121],[6.486588031372556,52.34301768234814],[6.486775721609553,52.3428354608414],[6.46818948833463,52.32646224556006],[6.499327277371547,52.323521662170904],[6.517908492961035,52.325174434749464],[6.517892597143389,52.32458372438039],[6.518060080588242,52.324407549818076],[6.5215443682730125,52.323851410620286],[6.523137630244978,52.323833581195814],[6.523869757318569,52.3238993341169],[6.524120337251622,52.32401154552449],[6.523931315303019,52.32485861603947],[6.524219129678282,52.325311517007485],[6.524629946293896,52.325620839648586],[6.524877574192345,52.32567693620507],[6.52523225737758,52.32513247422569],[6.525581991367873,52.324808958231586],[6.525623597496157,52.324521898851295],[6.526046092081165,52.32397794981789],[6.526090705675543,52.323774534502164],[6.526399572364448,52.323602639787076],[6.527082813237977,52.32342462818231],[6.5275764437444455,52.323141281277145],[6.527763386024548,52.32302191858036],[6.528055784074018,52.322585208319644],[6.52850170393796,52.32223768189355],[6.529226508293227,52.321034008631614],[6.531078268819604,52.318888941020894],[6.531524565017567,52.31857827847988],[6.5318100361887526,52.318011391582836],[6.532381721626288,52.3173389312389],[6.532771107179592,52.317018325413905],[6.532846354302421,52.316775204856015],[6.5346930640338154,52.316102712693656],[6.534947740247985,52.316182242366665],[6.5359282099830205,52.31591438333372],[6.536212937465213,52.315703048555505],[6.535774585596378,52.31575087476375],[6.535841017513104,52.31564056126599],[6.536550864421041,52.31546079696423],[6.536845010210977,52.315644645385014],[6.537564048494384,52.315642064932035],[6.537582389570724,52.315566500293066],[6.53804117267441,52.31552449974149],[6.5389533902519394,52.31582417279041],[6.53965175683188,52.31580314795428],[6.541387286792222,52.316503632567844],[6.54127827134622,52.31678199968502],[6.542484418379775,52.31727376306756],[6.542161304995013,52.31701454660689],[6.542464384508376,52.31701110925991],[6.542620528494177,52.31707642169273],[6.542808496080345,52.317425044786795],[6.543606197015472,52.31776047899353],[6.544082851075309,52.3178390852757],[6.545089036795479,52.31837526718244],[6.549029755711242,52.31265456563275],[6.549008415687652,52.31217070984996],[6.549424024321927,52.31210860431502],[6.55000946180427,52.31111851920412],[6.550448102136311,52.31018141529051],[6.551024852138676,52.30857395482446],[6.5518523888809055,52.30527208038643],[6.551674888498327,52.304806634038194],[6.551705633166679,52.304572126954454],[6.551813160546349,52.304331209653924],[6.552144472777776,52.30399250342829],[6.553244531472433,52.29918884419241],[6.553539100385837,52.29722560715752],[6.553377622455162,52.29492464031734],[6.552939244633154,52.29490992714712],[6.552266200856227,52.295146561461856],[6.552348444181884,52.294536671154425],[6.549962791706604,52.28780196968337],[6.550262844131772,52.28736562655461],[6.562252558619838,52.27435889714791],[6.564387978827233,52.272411867932334],[6.568191362875491,52.270143694082215],[6.569848758039048,52.26999531573937],[6.575326452761198,52.269116175610115],[6.575382592829618,52.26931616440086],[6.58069622540408,52.2695183945559],[6.583511635040155,52.27004782445225],[6.595148415918581,52.27119855107205],[6.605363052972737,52.27068885483408],[6.617865846549785,52.28223750094685],[6.626066252019869,52.289973947579256]]]},"id":"72c15105-0fe5-51ad-910b-32732450e43f"},{"type":"Feature","properties":{"code":"0158","identificatie":"GM0158","ligt_in_provincie_code":"23","ligt_in_provincie_naam":"Overijssel","naam":"Haaksbergen"},"geometry":{"type":"Polygon","coordinates":[[[6.73950582076508,52.11855641574531],[6.760572330352145,52.118779933641186],[6.822710322138166,52.118404259403995],[6.8365485559106824,52.1188672218828],[6.843198563335599,52.11919707406264],[6.855473945823023,52.120462093059736],[6.862905896637585,52.12505615728245],[6.867088297628742,52.128071311419845],[6.870871609230744,52.12916905949288],[6.871042938863002,52.12952063102934],[6.871895396486119,52.130000406464276],[6.873458517318543,52.13028368363411],[6.873532408886082,52.13065610375434],[6.873071461231947,52.13166237644841],[6.873034056013184,52.131936796136806],[6.87330104907939,52.132973876493686],[6.874671449422611,52.13639491022318],[6.878390551883143,52.14658732902896],[6.881960325129344,52.155976488341494],[6.880458175808462,52.15600954172529],[6.889750259897004,52.16120591785049],[6.8698652936552795,52.162693387075784],[6.827990679946745,52.17100654142359],[6.814277339816253,52.17086110535369],[6.805581279606901,52.16660016170634],[6.788320925024063,52.17619023958361],[6.766800541643391,52.19106489798405],[6.738748777831083,52.19866740042674],[6.712387766342332,52.20633143274624],[6.703468998746126,52.19852793535149],[6.697494103180739,52.196247967476125],[6.672050448380937,52.19818671759109],[6.653081957845847,52.19370069859682],[6.652097501575094,52.193589312884384],[6.624347345011301,52.18890809892247],[6.625273519518188,52.18864938611332],[6.625877244171734,52.18836583558993],[6.626453017394194,52.18798459764255],[6.6264487668501175,52.18781487995105],[6.627685101111724,52.18731723071845],[6.627616635425927,52.1872071096671],[6.627667732516365,52.18706517873291],[6.628452114651017,52.186761467994394],[6.630535706740884,52.18632545230074],[6.6327748659425545,52.18620890932545],[6.6334150719344285,52.186018498876315],[6.634453812614033,52.18595520816013],[6.634948143986432,52.18519834639955],[6.635433475076738,52.18471654528964],[6.636522987744629,52.184336589375214],[6.6369157534957015,52.18411554773658],[6.637286408554577,52.18362764537791],[6.638035003299337,52.183183340314365],[6.63837569972137,52.18256447022933],[6.6390387378604006,52.18191659709118],[6.640123556878901,52.18128051132372],[6.641391369159688,52.18090621122832],[6.642754975962431,52.18144711806465],[6.644655660841899,52.179796724161136],[6.645609232208668,52.17885336293504],[6.646508681680313,52.177940144560125],[6.646336608800232,52.177880902067386],[6.647294071297763,52.176895282209756],[6.645040700493868,52.17419425513306],[6.658347475556325,52.16999658047392],[6.664267920970451,52.16793951918976],[6.664593784888424,52.167926983846364],[6.665544077049171,52.16730927412226],[6.665001778059017,52.16699462455962],[6.6668723599004664,52.16648103548699],[6.671338904567639,52.16568319696682],[6.673397353201017,52.16323969849635],[6.672781795449938,52.16137082131117],[6.673103864219542,52.16119946051919],[6.673406900024817,52.161476205489336],[6.673735270100595,52.16144686185422],[6.674063008376404,52.16127149943765],[6.674067197762854,52.16119632446035],[6.6738750449999635,52.16114990775649],[6.673583437379305,52.160856913227896],[6.673606865273147,52.16058975014415],[6.673216530223952,52.16028449198685],[6.673147979895864,52.16010290848286],[6.673640332377308,52.15986232645378],[6.673859246395259,52.158866556294605],[6.674285554712715,52.15860741067887],[6.67428012970181,52.15853791370356],[6.672670059356121,52.15824856551751],[6.6727727279161355,52.158138905366165],[6.672739381456316,52.15807924093008],[6.672107355553909,52.157514137345174],[6.6716026541990825,52.15720486143017],[6.671295085401548,52.156661568274046],[6.67133871149399,52.15627673654165],[6.671121485381361,52.15618903278784],[6.670869907042922,52.156208697526566],[6.670672567352368,52.15639819214867],[6.670351413507667,52.1564241590951],[6.670636354341636,52.15581097238511],[6.672367360969048,52.15562446032567],[6.673468968316647,52.15497234991514],[6.673094993042804,52.15475329646828],[6.673021287109932,52.15460294255813],[6.673274741686674,52.154455547189734],[6.672847263486252,52.15405722625415],[6.672428703150331,52.15303169500727],[6.672954901443256,52.152891592763694],[6.67296544914538,52.15243456216729],[6.673069535107404,52.152359358585414],[6.673819391025085,52.15210362495002],[6.67275245933108,52.15052689206216],[6.672143769533858,52.15049341766167],[6.67194020462119,52.150577803326605],[6.671309218977729,52.15045811212228],[6.673748235859675,52.14828659976776],[6.674394814787748,52.142774462735694],[6.673879658479258,52.14120376818535],[6.673298486396279,52.14031639316786],[6.67289592049098,52.139861224397094],[6.672613019218723,52.139309961387774],[6.671870728220912,52.13876044121512],[6.670722254446506,52.138237047363],[6.6706622103928686,52.13827353989992],[6.6701263739631464,52.137837718542755],[6.669453232545119,52.137538806477956],[6.668794372804605,52.13710251931882],[6.667891363027144,52.13591914104048],[6.663377619331888,52.13110388047747],[6.66239892378268,52.130167433253206],[6.677690595253173,52.12595895166638],[6.697810020440579,52.12355366983165],[6.703169018279631,52.12224458871989],[6.707522858517476,52.12078049795737],[6.711507520851496,52.1196431883103],[6.713969027692589,52.119261580527855],[6.716272361182593,52.11827040547653],[6.730733263320173,52.11841756105701],[6.736898687608048,52.118175724445294],[6.737793471129997,52.11819800584101],[6.737843627761501,52.11806948966257],[6.739493037119653,52.1181047717005],[6.73950582076508,52.11855641574531]]]},"id":"5c083c2d-1728-5436-a72b-826ad112af78"},{"type":"Feature","properties":{"code":"1774","identificatie":"GM1774","ligt_in_provincie_code":"23","ligt_in_provincie_naam":"Overijssel","naam":"Dinkelland"},"geometry":{"type":"Polygon","coordinates":[[[6.840491564894971,52.27631153482262],[6.868327340819625,52.27296176768803],[6.876494922945133,52.27472479353725],[6.876876117246687,52.27515687436119],[6.876643650203073,52.275246297820374],[6.8770941972517114,52.27576678301976],[6.877365234732493,52.275701358453915],[6.88051562886895,52.27922741911879],[6.881358174596949,52.279379173388605],[6.880020296862842,52.281404050147124],[6.883261674211744,52.2822128819407],[6.883207433394768,52.283170561912385],[6.88485338248936,52.28307757549443],[6.887811485815957,52.283452124376666],[6.889567053019478,52.28097800324586],[6.890281449857823,52.28174861238424],[6.890215727710322,52.282204502221965],[6.895364083910935,52.28384086199203],[6.89582830158714,52.283239301901645],[6.89808549029077,52.28361530463285],[6.906985182583572,52.28543780875013],[6.9103583739968775,52.28514271065636],[6.912127141078996,52.28550574747624],[6.894497507886217,52.29353812687362],[6.889480279796446,52.29246696857612],[6.888893607186544,52.293037453776975],[6.887996826213312,52.29269775962924],[6.887860512317136,52.29283303189199],[6.887096568802459,52.293007319044314],[6.886203757426648,52.293441491072095],[6.883889797415061,52.29395309715018],[6.882869721912652,52.29388407548314],[6.88111406550643,52.293604796930104],[6.8811317357217705,52.29368036913857],[6.879902353568629,52.29371917514214],[6.879459724674014,52.29388095813674],[6.879335485947778,52.29398857934752],[6.8793609718718685,52.29410663416838],[6.87927319618447,52.29419252688877],[6.879498582401685,52.294612354624874],[6.879801082823666,52.29472041228227],[6.879534071929526,52.29497148580633],[6.879304932012262,52.294932831522914],[6.878719601761224,52.29507251120863],[6.876744324998961,52.2960977747529],[6.875386158015253,52.29658156662247],[6.874930722471921,52.296848664971115],[6.87243374892426,52.297405422573824],[6.869358162805776,52.29714069609796],[6.865298280962089,52.29722132678837],[6.862909105049224,52.297710869165144],[6.859817401201654,52.2986328677201],[6.860491425079385,52.30148206811909],[6.860729264854097,52.3020711630914],[6.860508290573471,52.30343985683043],[6.861260548423858,52.303703491872966],[6.8615179649364775,52.30412271893499],[6.861586184698085,52.30472633233387],[6.861273229855952,52.30474006926491],[6.861349346209879,52.30636686296162],[6.861711717025023,52.30644854783393],[6.863572371753909,52.30734818745161],[6.864103292025575,52.30692078122935],[6.864806395274585,52.306771182391415],[6.865032792648612,52.306795166454805],[6.866029439185329,52.30735760242321],[6.86609303099251,52.3074687557369],[6.866540342177632,52.3074161015368],[6.867110496940551,52.30829689748128],[6.867025903804708,52.309241305681155],[6.867049822262587,52.3103112618193],[6.868502723786157,52.31065899836217],[6.8689077677632415,52.311735621075655],[6.869340391129088,52.312119259374526],[6.871176500011376,52.31184236804898],[6.871475245264194,52.31211425605759],[6.871770810530564,52.31260986526317],[6.87733814234359,52.31223574349731],[6.878216957994111,52.31541778907388],[6.878073586164614,52.31542310279872],[6.879868624750669,52.31901438029566],[6.8842991229463415,52.31840741041072],[6.884366523885766,52.31850092348665],[6.884236953585077,52.31851995784135],[6.885872352265095,52.32099430800134],[6.885563629872882,52.32118361873446],[6.886199605190327,52.3223110840666],[6.886334263657446,52.32228212222399],[6.886404529841316,52.32239588600092],[6.887778728258682,52.32205757398155],[6.890481224544764,52.32339821332158],[6.891094155181492,52.323599979948995],[6.890905761980011,52.32362470457781],[6.891481655276782,52.32399878303123],[6.8943642447357965,52.3251721046852],[6.894804361430557,52.324977140707794],[6.896106228938632,52.32631627562271],[6.896864008222908,52.32746343517487],[6.897168819812135,52.32807709723654],[6.897158284545584,52.32821336129317],[6.898201637127354,52.32817894597589],[6.898484206493882,52.32914744244009],[6.898711479063654,52.3305400631292],[6.900646007227125,52.333460191657174],[6.901577671060346,52.33322069945534],[6.90461921385623,52.33293436182826],[6.907076112883379,52.33240690550987],[6.90946089561392,52.33148414365565],[6.909435221273719,52.331416211491174],[6.9102540017595855,52.331085911582214],[6.911664500379031,52.33069063843292],[6.91393844208748,52.33047603891183],[6.9159229981755805,52.33061007311801],[6.916463782250692,52.33074115271088],[6.916516546750588,52.330674346997355],[6.918276322668773,52.33079439408122],[6.925148758649694,52.32992636901101],[6.930969359327888,52.329459610304475],[6.931123273839485,52.329557972829164],[6.930441869810167,52.33001220352758],[6.931184198892278,52.33060040349624],[6.931858407395194,52.330897272155696],[6.932290830635159,52.331195795149895],[6.931634930434278,52.33161589136669],[6.931690926820689,52.33224723509297],[6.931811417766188,52.33228630095567],[6.931905343220486,52.332755606676585],[6.935996580372969,52.33286040309889],[6.945202252234579,52.33272367095982],[6.953583418811311,52.33397347593664],[6.951140815611398,52.337959565819325],[6.952843358185174,52.340350233447225],[6.95877586190169,52.34540127122953],[6.961638297372539,52.34711674366523],[6.965973662134785,52.34838639757833],[6.970259186145266,52.34876651423642],[6.969375099810599,52.35109264118612],[6.965543093950078,52.357633297449496],[6.964418747170999,52.359987771737174],[6.964537067781553,52.36005821481675],[6.96435653267033,52.360129235206244],[6.9626687056708905,52.36338662842975],[6.9637853957135505,52.365978628163134],[6.963772098177896,52.366048605431686],[6.963622389164661,52.366083679866904],[6.967321868877679,52.37229339309632],[6.967280718997417,52.37237832287053],[6.968405177568398,52.37483637318534],[6.970930296774051,52.379859553935795],[6.985429448103373,52.3722242629265],[7.002960999253431,52.36553288087808],[7.007829775394563,52.36382506358542],[7.010988351337963,52.36411395186461],[7.031824563988468,52.36768632022162],[7.039735146190813,52.368408019463075],[7.0513828497044555,52.36991468517902],[7.066495922654948,52.372061611154294],[7.072204707644941,52.37280252601752],[7.072153467153558,52.3736113185451],[7.064021425267645,52.39032829588017],[7.058992540027484,52.39577588041929],[7.058517668344561,52.396191432485615],[7.058915311429675,52.39634689509079],[7.059094022567598,52.39711334295296],[7.058917692079453,52.39755829027861],[7.058922486459202,52.397975033480556],[7.059004499944915,52.398198110708655],[7.058728205557233,52.39941024041296],[7.055969854503899,52.4005782682663],[7.055319649089381,52.40103359175603],[7.053761591410346,52.400687608116236],[7.053051016814429,52.400348091801185],[7.051655838657979,52.399924819035],[7.05118439884929,52.40044292135769],[7.050781396939637,52.40071355891254],[7.050244526376517,52.40078940157811],[7.046704038576228,52.40083789725643],[7.042783274887108,52.40204727818898],[7.041534430781207,52.402539542643154],[7.038694977950641,52.40270098877919],[7.036448724259712,52.40257256467222],[7.036073987083423,52.402662605905384],[7.0348032661682325,52.40370939111341],[7.033456905072104,52.40645775895348],[7.033149434078735,52.40682665967515],[7.03257780067423,52.40723394683948],[7.028002326445973,52.41372550958351],[7.021989735781498,52.42298415161915],[7.010782417489283,52.42913658142017],[7.007916188261666,52.43749003949546],[7.005063235902857,52.445358328506096],[7.000025524486595,52.4547109163814],[6.994573882690282,52.462127020543264],[6.993907084222124,52.465485405907316],[6.991798930879475,52.467376241674515],[6.987623215354171,52.46976679447156],[6.977533755945529,52.4656807536325],[6.97618668936658,52.463120408450635],[6.976070299079601,52.46315123689267],[6.975996386283801,52.46304338114585],[6.976041179716466,52.4628295007357],[6.974429117688741,52.459703636283855],[6.970594890262421,52.455271694368946],[6.9699352959948015,52.45439584472219],[6.96693664625044,52.44992022697304],[6.961953204132112,52.44462410551221],[6.962212154169898,52.44425063437535],[6.962023760290987,52.44414160432462],[6.962188169272267,52.44398311940735],[6.961785386533188,52.44362439527439],[6.961061603799633,52.443988302070785],[6.947300372756329,52.43662141454273],[6.949223994194981,52.432864775956446],[6.938775843217484,52.43272250656084],[6.928525347532108,52.4341483595254],[6.924280797062269,52.43413054268981],[6.89711591676189,52.43281542261775],[6.887022148351975,52.43148057949702],[6.870467986687019,52.42948891558018],[6.853410845550107,52.427062302207105],[6.852499006224032,52.420771030154846],[6.851494890249546,52.41458220770688],[6.856592005910234,52.41045107755517],[6.862338188747549,52.407816150606514],[6.862722245739228,52.400965657880924],[6.863614658362485,52.38803840131817],[6.86317878967915,52.37278940008367],[6.863457146890752,52.369729342985124],[6.863584537816897,52.36373119988511],[6.855673739513544,52.360287723161385],[6.851789003897883,52.36216867888157],[6.840926106355353,52.362353253275806],[6.8357928210791306,52.36262470864442],[6.828554874826694,52.363521332705886],[6.817683337343317,52.36509749909742],[6.806833424834791,52.362217468226746],[6.793748645631244,52.360911987746604],[6.783399478738436,52.360115916041394],[6.778322385786172,52.35021210926945],[6.773978606036298,52.346563274964],[6.762634361593482,52.34343709948586],[6.761552389878687,52.342753389673504],[6.760577181470443,52.341942812798145],[6.759557821465473,52.33899268987534],[6.75903535255931,52.33206059951328],[6.762136077362375,52.3307615786256],[6.76283103021088,52.32892724782464],[6.7631840078950844,52.32749248763732],[6.77000692164416,52.32218816390318],[6.773841845500585,52.31891057319837],[6.776004700067715,52.31836418756792],[6.776275100297722,52.31836209877075],[6.7766339793494375,52.318530188591126],[6.7769108863639405,52.31852741064514],[6.77715510022568,52.31838881784769],[6.777532212707155,52.31837506259322],[6.777971180788544,52.31815526497768],[6.779218826687284,52.31781963685237],[6.780376269187282,52.31812378605146],[6.781712626663767,52.31832817738545],[6.785902657041132,52.318229596462075],[6.7851489933937685,52.31736996400961],[6.787947311153791,52.31706090542834],[6.796394362653884,52.31522843972513],[6.800502348373963,52.314676199296976],[6.802128904829691,52.31454419470588],[6.802135603471686,52.314051066301055],[6.8020388310183755,52.31358607982838],[6.802158011879466,52.313525776434],[6.8078158783292615,52.31309122526235],[6.807859347892659,52.31263866127114],[6.8081394757745075,52.31207718427104],[6.809334793983307,52.31036286109263],[6.812251402065169,52.31088728900469],[6.82333619514795,52.30875951971962],[6.823467083115794,52.308326947241824],[6.823616574348286,52.308127329895676],[6.825691456784323,52.30640012064129],[6.82389559176563,52.304423858814395],[6.824063702351606,52.30424907543616],[6.823450297602392,52.30413759759444],[6.82217023613246,52.30331807319633],[6.821824782649224,52.30318682130977],[6.821701145672475,52.30330952833559],[6.8211451264157965,52.30242775612597],[6.8206952247926695,52.3024173925233],[6.82041979292879,52.302506396785645],[6.819994051599387,52.30242726899704],[6.819789721801689,52.30148785995175],[6.819237101276188,52.30144831726639],[6.819142807211135,52.30083926499146],[6.8203813355567835,52.29914458485886],[6.820516713658182,52.29842804528638],[6.823068257503037,52.29709709770803],[6.828407593934611,52.29535080383377],[6.827901941478751,52.294862307120546],[6.831186226765809,52.29397924368414],[6.833826811656308,52.29423091364334],[6.83493148627265,52.29414152060686],[6.83544880401736,52.293930117655705],[6.83649107728915,52.29323717382101],[6.837500278512349,52.29324367087407],[6.838400103729764,52.293369176879445],[6.839466790623251,52.293120896191674],[6.839589969558427,52.29330362035361],[6.843202396355968,52.29244830440627],[6.843058049379171,52.29220781182255],[6.842546573717382,52.291770963934304],[6.8461082931731,52.29120193246844],[6.846374992308205,52.29140197964183],[6.84971468213903,52.287955597694335],[6.851563398959905,52.285923834374856],[6.852376395504106,52.285228336980374],[6.852347201766623,52.28513685831852],[6.852527342469005,52.28487104922439],[6.850304375736255,52.284131498914746],[6.851181262356587,52.28320725724139],[6.850645286203101,52.28297194823336],[6.851078433573112,52.28262970230789],[6.851798306703616,52.2823304193896],[6.852049107320011,52.28212049158985],[6.8520141352738335,52.28205950324149],[6.851190152323632,52.28173813722417],[6.849495665573135,52.28152993496314],[6.849385243780549,52.281266997756916],[6.849155209835521,52.28107027916577],[6.8457607319106835,52.27975896995483],[6.846625263903846,52.279496468415964],[6.847570004827111,52.27858384630224],[6.842451783590223,52.276978518375],[6.841032326214411,52.276889553554916],[6.841250707093995,52.27667979584155],[6.841172670057311,52.27665017558839],[6.841246296402853,52.27657048101028],[6.840491564894971,52.27631153482262]]]},"id":"98879d78-67e9-5da8-9ef8-90ec96893240"},{"type":"Feature","properties":{"code":"0183","identificatie":"GM0183","ligt_in_provincie_code":"23","ligt_in_provincie_naam":"Overijssel","naam":"Tubbergen"},"geometry":{"type":"Polygon","coordinates":[[[6.725610533216899,52.3405172609477],[6.734497262467082,52.33935478228877],[6.743684933390735,52.33610946549],[6.745413100381392,52.334720180132656],[6.7499538964896635,52.330084034692334],[6.750679165360315,52.32966534723912],[6.7537722016086255,52.33004426030069],[6.75903535255931,52.33206059951328],[6.759557821465473,52.33899268987534],[6.760577181470443,52.341942812798145],[6.761552389878687,52.342753389673504],[6.762634361593482,52.34343709948586],[6.773978606036298,52.346563274964],[6.778322385786172,52.35021210926945],[6.783399478738436,52.360115916041394],[6.793748645631244,52.360911987746604],[6.806833424834791,52.362217468226746],[6.817683337343317,52.36509749909742],[6.828554874826694,52.363521332705886],[6.8357928210791306,52.36262470864442],[6.840926106355353,52.362353253275806],[6.851789003897883,52.36216867888157],[6.855673739513544,52.360287723161385],[6.863584537816897,52.36373119988511],[6.863457146890752,52.369729342985124],[6.86317878967915,52.37278940008367],[6.863614658362485,52.38803840131817],[6.862722245739228,52.400965657880924],[6.862338188747549,52.407816150606514],[6.856592005910234,52.41045107755517],[6.851494890249546,52.41458220770688],[6.852499006224032,52.420771030154846],[6.853410845550107,52.427062302207105],[6.870467986687019,52.42948891558018],[6.887022148351975,52.43148057949702],[6.89711591676189,52.43281542261775],[6.924280797062269,52.43413054268981],[6.928525347532108,52.4341483595254],[6.938775843217484,52.43272250656084],[6.949223994194981,52.432864775956446],[6.947300372756329,52.43662141454273],[6.942306333260843,52.43556248087195],[6.942176304917388,52.435641582252735],[6.942089862675231,52.43558824424383],[6.942156003134427,52.435549353001534],[6.941657490692287,52.43542573669731],[6.906079586162061,52.44224300075537],[6.889062124671078,52.446545090742504],[6.861816040462362,52.45135797195757],[6.8525415812990085,52.44991376272384],[6.8542975876089764,52.459706256434295],[6.844733448760579,52.45918841848684],[6.831788023722419,52.45996122045457],[6.804477938615204,52.459551946649775],[6.77458659232124,52.45960068977976],[6.752734435075189,52.46411084134569],[6.7237714051989705,52.477017482881145],[6.720459295039262,52.4771793621138],[6.717706685885529,52.47813155024855],[6.71008252734998,52.47059921890732],[6.702273237737976,52.46167001245293],[6.701594666912622,52.46116270102449],[6.701629976782754,52.46089665620385],[6.700809404967839,52.45981111628613],[6.700183523989919,52.45881502392418],[6.699954836215611,52.45819166569107],[6.699762810047503,52.457917371376936],[6.699682043139837,52.4575257049191],[6.6989169900885575,52.45679518259777],[6.699086364559035,52.455190318158586],[6.699599664625332,52.45481047231248],[6.699436443268028,52.454478961521914],[6.699525823103352,52.45404108834483],[6.699349231604735,52.453716035369936],[6.698879920791764,52.453196575895795],[6.698147435297544,52.452566601371835],[6.69774795053722,52.45177968673117],[6.697576166462046,52.451644944261126],[6.696618498642239,52.45177418772264],[6.6959613466856664,52.45118137952277],[6.694871284558886,52.45084215540313],[6.694660731199107,52.45057099657884],[6.694473468421967,52.44978116290806],[6.693854180213114,52.44918177736075],[6.69387216896924,52.44878179090647],[6.692491115885144,52.448154115018454],[6.692030887162725,52.44777469464147],[6.692249637990125,52.44742720994847],[6.69208232103691,52.44734750062932],[6.690522303529729,52.44706101489611],[6.6902056222929875,52.446935424014974],[6.689354060865785,52.447050876709035],[6.684475601377528,52.44620909059693],[6.68285822682246,52.44626594246397],[6.681303123950796,52.44568945930538],[6.680713058398507,52.44519996624887],[6.680240676655143,52.444941716703845],[6.67894040589125,52.444779134107044],[6.677819944284343,52.44415731933297],[6.676593041509454,52.444171163722466],[6.6763609142639995,52.444112757240084],[6.6757900669077905,52.443430022457946],[6.675633029506085,52.44282999108276],[6.675361882188968,52.442582980391194],[6.674170886826381,52.44204378311573],[6.674095301301373,52.44178802951383],[6.673333944839586,52.44145099792104],[6.6733905969782805,52.441215038873],[6.673195385485069,52.441065783950364],[6.673019010267353,52.44069261127811],[6.672974018716376,52.44029283586688],[6.673041881499858,52.43986667692883],[6.672557563436943,52.43896012838397],[6.672608971484819,52.43847882432552],[6.672524055554358,52.43816361353145],[6.672634304324863,52.43797380401329],[6.672644186639802,52.43776671113898],[6.673427126665899,52.43698319400597],[6.673426558385066,52.43675924429514],[6.6736488217663235,52.4364353323747],[6.674503349526041,52.43577742558873],[6.673512319381911,52.43480302209293],[6.6735185924677785,52.434494695400055],[6.674127408668856,52.433446546900825],[6.674401540398968,52.4326259164534],[6.67648170863764,52.43090722681754],[6.676667636344336,52.4307097490167],[6.676576841695874,52.43051423183125],[6.677268163320228,52.429870357798485],[6.67743606334742,52.429567235963425],[6.677348962053834,52.429376883399996],[6.677427129970766,52.42920229407264],[6.677306415155223,52.42917286842096],[6.677900549673448,52.42885407374352],[6.677683780011005,52.42855262578039],[6.677778269310449,52.42843409014394],[6.677885939703594,52.42783172379429],[6.677638795267401,52.42759679773721],[6.6770135870051135,52.42750473464519],[6.6769180572971365,52.427334257110644],[6.6762933537914435,52.427429477269754],[6.675851047089704,52.427154884120505],[6.675656428052315,52.42690744584622],[6.675330471225713,52.42701749550145],[6.6751403894233885,52.42697184287356],[6.675084665315301,52.426864326645564],[6.675171074981248,52.426655484002936],[6.67491337564671,52.426515935807316],[6.674997021889225,52.42643295275253],[6.674886359408907,52.42624990150829],[6.6749689369336185,52.4260407500974],[6.674892414779124,52.42586924634659],[6.67423950588516,52.42559867155064],[6.674204537357809,52.425365926863165],[6.673967193617978,52.42520701004117],[6.67422200289175,52.42492137459815],[6.673998974914796,52.42464689045104],[6.674235447369037,52.42435472178648],[6.676548611569566,52.423654789469154],[6.676099085396501,52.42357484921577],[6.675186206006028,52.42295727755346],[6.674629853964767,52.42250906757171],[6.674256561160691,52.42204840321897],[6.673993548283901,52.422048223080395],[6.673768539728155,52.42193975894823],[6.673621110599499,52.42208054678957],[6.67313196939978,52.42210893220949],[6.673048546642924,52.42224247173661],[6.672551305171628,52.42208462084641],[6.672626995994506,52.421774892841015],[6.672007409712526,52.42136929722119],[6.671515804461021,52.42069529031983],[6.671879779719937,52.420255698731765],[6.6712957586857415,52.41975645834516],[6.670956219897945,52.41962026989372],[6.670791422165663,52.41914381590058],[6.670452975995246,52.41912270250137],[6.670210663773319,52.41890484983314],[6.670317098230738,52.41870341571675],[6.670225848211664,52.41815200019417],[6.669817671621645,52.417764614433096],[6.669808131014376,52.41759006286709],[6.669673052662335,52.41736749721716],[6.669847985129248,52.4172313329363],[6.6706186093260635,52.41712195343481],[6.671080083584121,52.416835342548474],[6.6711167373183775,52.41654151654273],[6.671601179071311,52.4164104786586],[6.672155004094498,52.41608648541704],[6.672351972879163,52.41580290092195],[6.672324256661287,52.41543702024706],[6.672618778780537,52.414990188469496],[6.672613116920721,52.41482402603792],[6.673448261366662,52.41489199806141],[6.673621570774386,52.414718408593174],[6.673954316056107,52.4147432419582],[6.674192962535058,52.414629811632196],[6.673954032476983,52.41442443268422],[6.6748201906015865,52.414311029997535],[6.675442245886129,52.413942082574486],[6.675327007295913,52.41352188420552],[6.675347027436229,52.413223761127846],[6.677677881105214,52.41130935309891],[6.677564033145399,52.41123446125849],[6.6780654194379325,52.41077770230597],[6.679205774926617,52.40993251715229],[6.698635303416251,52.39374107104791],[6.697881643088213,52.3912740323],[6.705302736512267,52.37813180463353],[6.707009970331112,52.37721210274984],[6.708097747054849,52.376900529660944],[6.709824522259104,52.376876003824535],[6.710282726065261,52.37701587732394],[6.711049943413167,52.37702256027361],[6.7116242336121665,52.376580151413144],[6.712438378617442,52.37671388443391],[6.712519646640887,52.37650915767421],[6.7134652974757145,52.37648907192286],[6.713465766126815,52.376262733458255],[6.712764890919602,52.3752001951534],[6.7126757604628216,52.37404654328154],[6.715661337100323,52.36654911855496],[6.71804938682225,52.36216537353093],[6.719693372965648,52.36128896723631],[6.720563189813231,52.352329126665886],[6.715040089395732,52.34744317971751],[6.714437131662376,52.3470868943369],[6.714138006621303,52.34679839724594],[6.714884790136336,52.346204927501084],[6.712006807775438,52.345398957387786],[6.7097408920610695,52.34343458354816],[6.7136414019133275,52.34226635281042],[6.725610533216899,52.3405172609477]]]},"id":"b7600721-39b6-5a92-8079-0cf92ed58ebf"},{"type":"Feature","properties":{"code":"0153","identificatie":"GM0153","ligt_in_provincie_code":"23","ligt_in_provincie_naam":"Overijssel","naam":"Enschede"},"geometry":{"type":"Polygon","coordinates":[[[6.805614826330773,52.166616639842786],[6.814277339816253,52.17086110535369],[6.827990679946745,52.17100654142359],[6.8698652936552795,52.162693387075784],[6.889750259897004,52.16120591785049],[6.896661441150883,52.16497378627524],[6.900835002538317,52.16705785975747],[6.90572006174274,52.16991523747373],[6.905894098530751,52.17006734277912],[6.905652505484956,52.17038714535007],[6.905588771884262,52.170657913791544],[6.905877645342541,52.171546111063904],[6.9055875149640045,52.172183949561564],[6.905959605409044,52.17266907492325],[6.905967740592702,52.17317407754292],[6.905812623296403,52.1736637427039],[6.905880768660864,52.1738701580501],[6.906746209018961,52.17506798046913],[6.9071626710588605,52.17526235681639],[6.908103984142343,52.17546345002569],[6.9080608094258205,52.17595949547175],[6.909545105233783,52.17646640262777],[6.911851939404765,52.177144876263455],[6.915628954400481,52.1776139635725],[6.918659988252766,52.17783525373353],[6.927641128321707,52.17826639863617],[6.933741491885838,52.17844826235829],[6.934937271183474,52.1786574030884],[6.936279852690673,52.17874810262658],[6.937883520727046,52.179467125044816],[6.939154032143751,52.17961213603241],[6.939662648721962,52.17957523986429],[6.9404818879406935,52.17977013207746],[6.949505446226883,52.180504607225195],[6.950369643997499,52.18112915583999],[6.95124528129989,52.181057861192464],[6.9547252207840895,52.18395245098473],[6.954460432950482,52.18407894300248],[6.956450168893495,52.18556432341652],[6.957383187111929,52.1870284106897],[6.959457875421892,52.18868898224191],[6.9620212003388176,52.190890538964354],[6.962478723322457,52.19137884600207],[6.96213073582081,52.19225384910768],[6.962391624341574,52.19429858061532],[6.964148151628947,52.195373887622864],[6.964685255920238,52.196240473341526],[6.967396605692954,52.1978936552788],[6.96724714503609,52.19803939627916],[6.968760564152488,52.19995300184091],[6.969392579963799,52.200933897828435],[6.970355814858535,52.2019754305857],[6.970903135081069,52.20297965857189],[6.972380551899125,52.204094279382566],[6.972497268658681,52.20408084568082],[6.972584777277493,52.20423338806623],[6.9732716165069295,52.20465412016793],[6.97408486030008,52.205402788328975],[6.974822207483545,52.2067800186233],[6.9746333009085175,52.20683316964621],[6.9760804382958455,52.20940630620126],[6.975976484527162,52.20948583199933],[6.976303900083885,52.21017425128035],[6.976704284904762,52.21061820154173],[6.9776764891479965,52.21134281589177],[6.978460149549876,52.212148774068986],[6.978674656989772,52.21251262946501],[6.978993508200303,52.2134120650879],[6.9795222007736575,52.21421571040672],[6.979692460290637,52.21465535678458],[6.979645075809388,52.21540687619801],[6.979476963785015,52.21597947307167],[6.979572829461314,52.216852294745486],[6.979658699914471,52.21721302033984],[6.979997872347432,52.21789670432643],[6.979937611425765,52.21800906618354],[6.979698927919238,52.21813415495044],[6.979706546394876,52.218214183166296],[6.980593096230236,52.219351462138974],[6.980838522881766,52.22028088319344],[6.981100052502819,52.22073698627477],[6.972683024370655,52.22626929284814],[6.965889525292734,52.23041871185309],[6.96487337442792,52.23676482648498],[6.9686388571680045,52.240014773905145],[6.971645596461627,52.24406763315695],[6.973028008746412,52.24850339370368],[6.969014999033473,52.26739897458482],[6.960383052111634,52.27293165561229],[6.950971411403573,52.278453272861015],[6.946292939120049,52.281337394567025],[6.940986465982255,52.283903483228485],[6.933459170592242,52.28374564192836],[6.918962312838175,52.283657069774144],[6.913586940837495,52.28216813834617],[6.912222811288706,52.28543439784126],[6.912127141078996,52.28550574747624],[6.9103583739968775,52.28514271065636],[6.906985182583572,52.28543780875013],[6.89808549029077,52.28361530463285],[6.89582830158714,52.283239301901645],[6.895364083910935,52.28384086199203],[6.890215727710322,52.282204502221965],[6.890281449857823,52.28174861238424],[6.889567053019478,52.28097800324586],[6.887811485815957,52.283452124376666],[6.88485338248936,52.28307757549443],[6.883207433394768,52.283170561912385],[6.883261674211744,52.2822128819407],[6.880020296862842,52.281404050147124],[6.881358174596949,52.279379173388605],[6.88051562886895,52.27922741911879],[6.877365234732493,52.275701358453915],[6.8770941972517114,52.27576678301976],[6.876643650203073,52.275246297820374],[6.876876117246687,52.27515687436119],[6.876494922945133,52.27472479353725],[6.868327340819625,52.27296176768803],[6.837846047881601,52.27663226747101],[6.831744609034605,52.27351174190184],[6.836354249278831,52.27074652252423],[6.840277383191065,52.269076962958344],[6.843514532112402,52.26659260415423],[6.8438038405135275,52.265554131828154],[6.843351706476403,52.263696569739935],[6.840701107580658,52.262076617651346],[6.8402877157839574,52.26108594489272],[6.84084275001091,52.259297878457566],[6.840885055893283,52.257664564387454],[6.842250431910057,52.25427493373055],[6.842562125033372,52.25390918603816],[6.827239488926059,52.24829713757231],[6.81953850570981,52.243657056133756],[6.813753932931253,52.22948268736969],[6.774433879623254,52.2384563134075],[6.765190286040372,52.233137572551996],[6.769055337315385,52.22701277186261],[6.755892710151454,52.21739635931627],[6.759623605238098,52.21003479781084],[6.762400883440249,52.20781963543341],[6.766323753519096,52.203138702815444],[6.766800541643391,52.19106489798405],[6.788320925024063,52.17619023958361],[6.805614826330773,52.166616639842786]]]},"id":"1ee4ac46-84bd-51a8-a052-be2090018921"},{"type":"Feature","properties":{"code":"0168","identificatie":"GM0168","ligt_in_provincie_code":"23","ligt_in_provincie_naam":"Overijssel","naam":"Losser"},"geometry":{"type":"Polygon","coordinates":[[[7.003476096164234,52.22858967681805],[7.011220879457938,52.22759146126575],[7.011787174905507,52.22688312697849],[7.012652583425387,52.226806131982336],[7.0124160120752235,52.22704643911291],[7.013081939999856,52.22734740409624],[7.013788491122682,52.22688926274117],[7.014727586082984,52.22647025148431],[7.015438374039032,52.22624767158497],[7.0176950434921475,52.22577326806578],[7.018266495420585,52.225550734350705],[7.019171078208956,52.22505187040403],[7.019702724931969,52.225313518945484],[7.0204498177022705,52.22593891668489],[7.026397770533565,52.225714448133886],[7.039094198421188,52.2275742345227],[7.049248315672146,52.230914085940995],[7.06128354225163,52.234711061561036],[7.065789503425248,52.24123502817175],[7.0423947208686375,52.256144029575474],[7.032062686788452,52.271664044534965],[7.028584212332816,52.27362713598148],[7.027519781321745,52.27798615317142],[7.027984086170405,52.278935587713214],[7.0288087607327085,52.27938731769451],[7.0296143382991625,52.280179715777585],[7.029547508942444,52.28152611475011],[7.02623918273057,52.287324374082715],[7.026453498748334,52.29196776336781],[7.033836858105584,52.30250450967536],[7.039492917622808,52.30762678154297],[7.040538159916994,52.31022410154363],[7.041312876867329,52.31114284860124],[7.038683274216057,52.312380134511805],[7.043570225953759,52.313471385895674],[7.0432876470445525,52.31388202104055],[7.046238853492524,52.31468995346812],[7.047109589309746,52.31497015364079],[7.047420726848954,52.31520642873284],[7.046360021112887,52.31662167431179],[7.0457867223465644,52.31644336997732],[7.047479210623779,52.31844958058559],[7.047668460219619,52.319517010217886],[7.048110018577938,52.31994867736499],[7.047788137335741,52.320434126540256],[7.047636004361587,52.320826129332225],[7.047236369116706,52.32129217309782],[7.046955537732428,52.322829061362405],[7.04698397486105,52.323193358114466],[7.047179747040112,52.32374444061891],[7.048026386855843,52.32493244351264],[7.052134447899568,52.32869554792507],[7.054586141528332,52.33140111391878],[7.0554927206524995,52.332168734109814],[7.0549647491973335,52.33272313520848],[7.054917984195651,52.33317728690053],[7.055886717063608,52.33448648697756],[7.056147592851303,52.334955804619646],[7.056257609683668,52.33545022752843],[7.056291997052599,52.337414065263495],[7.056230750089133,52.33795388274632],[7.072113946753115,52.35189079108991],[7.072255434735471,52.35187922908568],[7.072050045897341,52.356520362222234],[7.072763277819066,52.366804812883686],[7.0722585172923385,52.36800824109561],[7.072197948194595,52.36985505054013],[7.072281563418574,52.37168858747318],[7.072204707644941,52.37280252601752],[7.066495922654948,52.372061611154294],[7.0513828497044555,52.36991468517902],[7.039735146190813,52.368408019463075],[7.031824563988468,52.36768632022162],[7.010988351337963,52.36411395186461],[7.007829775394563,52.36382506358542],[7.002960999253431,52.36553288087808],[6.985429448103373,52.3722242629265],[6.970930296774051,52.379859553935795],[6.968405177568398,52.37483637318534],[6.967280718997417,52.37237832287053],[6.967321868877679,52.37229339309632],[6.963622389164661,52.366083679866904],[6.963772098177896,52.366048605431686],[6.9637853957135505,52.365978628163134],[6.9626687056708905,52.36338662842975],[6.96435653267033,52.360129235206244],[6.964537067781553,52.36005821481675],[6.964418747170999,52.359987771737174],[6.965543093950078,52.357633297449496],[6.969375099810599,52.35109264118612],[6.970259186145266,52.34876651423642],[6.965973662134785,52.34838639757833],[6.961638297372539,52.34711674366523],[6.95877586190169,52.34540127122953],[6.952843358185174,52.340350233447225],[6.951140815611398,52.337959565819325],[6.953583418811311,52.33397347593664],[6.945202252234579,52.33272367095982],[6.937531013193345,52.332836279364805],[6.936760303862436,52.32905993019852],[6.936869128522694,52.329050728586665],[6.93681062457108,52.32881856124357],[6.936741847881953,52.328810743080616],[6.936391243574757,52.327401570267654],[6.935561067733457,52.326106923348384],[6.935217219484817,52.32540978251395],[6.934324921187539,52.32271903672613],[6.940987356218819,52.322513998344256],[6.940812354539489,52.322373461126325],[6.94279324728781,52.32217159894134],[6.945624438989593,52.321069422626735],[6.944989080531193,52.32089068690767],[6.945179558639377,52.320723757413376],[6.945286509810082,52.32045028372798],[6.94500526251808,52.31991157773415],[6.944934618368694,52.31959597495337],[6.947747026361807,52.31941788514597],[6.947794813942237,52.319525447398796],[6.950139106173769,52.3193573436543],[6.9495289974679055,52.31728927073111],[6.950215697476906,52.31746608961625],[6.949802457803861,52.31597463802723],[6.9484208844051,52.31598561773061],[6.948211073029214,52.31469084411071],[6.9478558277795806,52.31472379590095],[6.947710226947156,52.31391457521138],[6.948200353322548,52.3138409739629],[6.94871446550435,52.31335795867342],[6.949776415300839,52.30905295567542],[6.94990033320723,52.308865638035115],[6.949837322245462,52.30882372761911],[6.950389255273436,52.308218230304725],[6.949314023398186,52.30670662719521],[6.946131670406469,52.302703552966086],[6.945721658840042,52.3025382649187],[6.945553589429779,52.302090664215434],[6.945304719468421,52.301779055396366],[6.9452530224103795,52.30146230329829],[6.944804513656562,52.30097689491949],[6.944599468475725,52.300584586917516],[6.944140918725349,52.300352334743785],[6.9431768281795065,52.300097216545375],[6.942751772177382,52.29987897269218],[6.942414155453029,52.29952008340726],[6.942204881220468,52.29903547262333],[6.94187360711106,52.298646348817634],[6.942744894658268,52.297907870402476],[6.943084759462947,52.29726153615851],[6.9436114700824945,52.29664939817959],[6.9438153331207415,52.29660910284741],[6.944094336343571,52.29625503100651],[6.944412652241676,52.29615140854088],[6.944461590129453,52.29582467337976],[6.944736683051703,52.29554461413022],[6.945135051657792,52.29530538504315],[6.94505727122087,52.29526011616196],[6.945875129948896,52.29323346123952],[6.946362832269916,52.29271740592007],[6.945544328890945,52.29220329740804],[6.943302424679651,52.291584197991156],[6.941903253265702,52.29084089867509],[6.941242748112616,52.29054729872302],[6.940631929278091,52.29038403196442],[6.938505303295113,52.290343927548],[6.937963126181307,52.290478311570595],[6.937381208669215,52.29079604457255],[6.936930618370524,52.290886793632765],[6.936294372533325,52.29065401033376],[6.936070972486593,52.29085953569724],[6.935698564929979,52.29082006341044],[6.936273629259896,52.29026501637123],[6.9365682594834155,52.289750597633194],[6.939170505560482,52.283869376108804],[6.940986465982255,52.283903483228485],[6.946292939120049,52.281337394567025],[6.950971411403573,52.278453272861015],[6.960383052111634,52.27293165561229],[6.969014999033473,52.26739897458482],[6.973028008746412,52.24850339370368],[6.971645596461627,52.24406763315695],[6.9686388571680045,52.240014773905145],[6.96487337442792,52.23676482648498],[6.965889525292734,52.23041871185309],[6.972683024370655,52.22626929284814],[6.981100052502819,52.22073698627477],[6.98140454789066,52.22132845436219],[6.982701160565165,52.22232806323673],[6.98440892755203,52.22284342271199],[6.984442317167869,52.223183783935724],[6.985352823270245,52.22347789921681],[6.985506794077797,52.2237731013534],[6.985473532784093,52.22414689709356],[6.985085564572614,52.22448594117032],[6.985089592633343,52.2247670373139],[6.984961673683513,52.22493595239501],[6.985314437207596,52.22534671893421],[6.985730459916541,52.225198956119996],[6.987120269790665,52.22544136885361],[6.987151776116033,52.22555801011061],[6.987996213759394,52.22603940393543],[6.988858859785206,52.226300503606915],[6.98911420619824,52.22684306106625],[6.992080518534856,52.22725217970471],[6.99314778931233,52.227186975805296],[6.994574259950471,52.22696846705155],[6.996999098545535,52.22705929274624],[7.003476096164234,52.22858967681805]]]},"id":"46df343c-b9b5-5b47-9455-d9e7fefc8264"},{"type":"Feature","properties":{"code":"0173","identificatie":"GM0173","ligt_in_provincie_code":"23","ligt_in_provincie_naam":"Overijssel","naam":"Oldenzaal"},"geometry":{"type":"Polygon","coordinates":[[[6.913586940837495,52.28216813834617],[6.918962312838175,52.283657069774144],[6.933459170592242,52.28374564192836],[6.939170505560482,52.283869376108804],[6.9365682594834155,52.289750597633194],[6.936273629259896,52.29026501637123],[6.935698564929979,52.29082006341044],[6.936070972486593,52.29085953569724],[6.936294372533325,52.29065401033376],[6.936930618370524,52.290886793632765],[6.937381208669215,52.29079604457255],[6.937963126181307,52.290478311570595],[6.938505303295113,52.290343927548],[6.940631929278091,52.29038403196442],[6.941242748112616,52.29054729872302],[6.941903253265702,52.29084089867509],[6.943302424679651,52.291584197991156],[6.945544328890945,52.29220329740804],[6.946362832269916,52.29271740592007],[6.945875129948896,52.29323346123952],[6.94505727122087,52.29526011616196],[6.945135051657792,52.29530538504315],[6.944736683051703,52.29554461413022],[6.944461590129453,52.29582467337976],[6.944412652241676,52.29615140854088],[6.944094336343571,52.29625503100651],[6.9438153331207415,52.29660910284741],[6.9436114700824945,52.29664939817959],[6.943084759462947,52.29726153615851],[6.942744894658268,52.297907870402476],[6.94187360711106,52.298646348817634],[6.942204881220468,52.29903547262333],[6.942414155453029,52.29952008340726],[6.942751772177382,52.29987897269218],[6.9431768281795065,52.300097216545375],[6.944140918725349,52.300352334743785],[6.944599468475725,52.300584586917516],[6.944804513656562,52.30097689491949],[6.9452530224103795,52.30146230329829],[6.945304719468421,52.301779055396366],[6.945553589429779,52.302090664215434],[6.945721658840042,52.3025382649187],[6.946131670406469,52.302703552966086],[6.949314023398186,52.30670662719521],[6.950389255273436,52.308218230304725],[6.949837322245462,52.30882372761911],[6.94990033320723,52.308865638035115],[6.949776415300839,52.30905295567542],[6.94871446550435,52.31335795867342],[6.948200353322548,52.3138409739629],[6.947710226947156,52.31391457521138],[6.9478558277795806,52.31472379590095],[6.948211073029214,52.31469084411071],[6.9484208844051,52.31598561773061],[6.949802457803861,52.31597463802723],[6.950215697476906,52.31746608961625],[6.9495289974679055,52.31728927073111],[6.950139106173769,52.3193573436543],[6.947794813942237,52.319525447398796],[6.947747026361807,52.31941788514597],[6.944934618368694,52.31959597495337],[6.94500526251808,52.31991157773415],[6.945286509810082,52.32045028372798],[6.945179558639377,52.320723757413376],[6.944989080531193,52.32089068690767],[6.945624438989593,52.321069422626735],[6.94279324728781,52.32217159894134],[6.940812354539489,52.322373461126325],[6.940987356218819,52.322513998344256],[6.934324921187539,52.32271903672613],[6.935217219484817,52.32540978251395],[6.935561067733457,52.326106923348384],[6.936391243574757,52.327401570267654],[6.936741847881953,52.328810743080616],[6.93681062457108,52.32881856124357],[6.936869128522694,52.329050728586665],[6.936760303862436,52.32905993019852],[6.937531013193345,52.332836279364805],[6.931905343220486,52.332755606676585],[6.931811417766188,52.33228630095567],[6.931690926820689,52.33224723509297],[6.931634930434278,52.33161589136669],[6.932290830635159,52.331195795149895],[6.931858407395194,52.330897272155696],[6.931184198892278,52.33060040349624],[6.930441869810167,52.33001220352758],[6.931123273839485,52.329557972829164],[6.930969359327888,52.329459610304475],[6.925148758649694,52.32992636901101],[6.918276322668773,52.33079439408122],[6.916516546750588,52.330674346997355],[6.916463782250692,52.33074115271088],[6.9159229981755805,52.33061007311801],[6.91393844208748,52.33047603891183],[6.911664500379031,52.33069063843292],[6.9102540017595855,52.331085911582214],[6.909435221273719,52.331416211491174],[6.90946089561392,52.33148414365565],[6.907076112883379,52.33240690550987],[6.90461921385623,52.33293436182826],[6.901577671060346,52.33322069945534],[6.900646007227125,52.333460191657174],[6.898711479063654,52.3305400631292],[6.898484206493882,52.32914744244009],[6.898201637127354,52.32817894597589],[6.897158284545584,52.32821336129317],[6.897168819812135,52.32807709723654],[6.896864008222908,52.32746343517487],[6.896106228938632,52.32631627562271],[6.894804361430557,52.324977140707794],[6.8943642447357965,52.3251721046852],[6.891481655276782,52.32399878303123],[6.890905761980011,52.32362470457781],[6.891094155181492,52.323599979948995],[6.890481224544764,52.32339821332158],[6.887778728258682,52.32205757398155],[6.886404529841316,52.32239588600092],[6.886334263657446,52.32228212222399],[6.886199605190327,52.3223110840666],[6.885563629872882,52.32118361873446],[6.885872352265095,52.32099430800134],[6.884236953585077,52.31851995784135],[6.884366523885766,52.31850092348665],[6.8842991229463415,52.31840741041072],[6.879868624750669,52.31901438029566],[6.878073586164614,52.31542310279872],[6.878216957994111,52.31541778907388],[6.87733814234359,52.31223574349731],[6.871770810530564,52.31260986526317],[6.871475245264194,52.31211425605759],[6.871176500011376,52.31184236804898],[6.869340391129088,52.312119259374526],[6.8689077677632415,52.311735621075655],[6.868502723786157,52.31065899836217],[6.867049822262587,52.3103112618193],[6.867025903804708,52.309241305681155],[6.867110496940551,52.30829689748128],[6.866540342177632,52.3074161015368],[6.86609303099251,52.3074687557369],[6.866029439185329,52.30735760242321],[6.865032792648612,52.306795166454805],[6.864806395274585,52.306771182391415],[6.864103292025575,52.30692078122935],[6.863572371753909,52.30734818745161],[6.861711717025023,52.30644854783393],[6.861349346209879,52.30636686296162],[6.861273229855952,52.30474006926491],[6.861586184698085,52.30472633233387],[6.8615179649364775,52.30412271893499],[6.861260548423858,52.303703491872966],[6.860508290573471,52.30343985683043],[6.860729264854097,52.3020711630914],[6.860491425079385,52.30148206811909],[6.859817401201654,52.2986328677201],[6.862909105049224,52.297710869165144],[6.865298280962089,52.29722132678837],[6.869358162805776,52.29714069609796],[6.87243374892426,52.297405422573824],[6.874930722471921,52.296848664971115],[6.875386158015253,52.29658156662247],[6.876744324998961,52.2960977747529],[6.878719601761224,52.29507251120863],[6.879304932012262,52.294932831522914],[6.879534071929526,52.29497148580633],[6.879801082823666,52.29472041228227],[6.879498582401685,52.294612354624874],[6.87927319618447,52.29419252688877],[6.8793609718718685,52.29410663416838],[6.879335485947778,52.29398857934752],[6.879459724674014,52.29388095813674],[6.879902353568629,52.29371917514214],[6.8811317357217705,52.29368036913857],[6.88111406550643,52.293604796930104],[6.882869721912652,52.29388407548314],[6.883889797415061,52.29395309715018],[6.886203757426648,52.293441491072095],[6.887096568802459,52.293007319044314],[6.887860512317136,52.29283303189199],[6.887996826213312,52.29269775962924],[6.888893607186544,52.293037453776975],[6.889480279796446,52.29246696857612],[6.894497507886217,52.29353812687362],[6.912049420856876,52.285563696369564],[6.912222811288706,52.28543439784126],[6.913586940837495,52.28216813834617]]]},"id":"b16ea514-0185-5bb5-87f3-1b98a144ea3e"},{"type":"Feature","properties":{"code":"0147","identificatie":"GM0147","ligt_in_provincie_code":"23","ligt_in_provincie_naam":"Overijssel","naam":"Borne"},"geometry":{"type":"Polygon","coordinates":[[[6.750319644026081,52.285120964876114],[6.751881929234957,52.28674353897428],[6.752248503502869,52.2867999079593],[6.752961396727662,52.28756129480392],[6.7532550036412635,52.28750723125528],[6.753252035094188,52.28738347141375],[6.753491652051686,52.2872367902044],[6.754119887499554,52.28713011780706],[6.754605210702172,52.287145519122376],[6.756954532446544,52.287418638256774],[6.759194020123851,52.287841238995114],[6.759067903252862,52.28800128415889],[6.763220839193084,52.28840553662873],[6.766682780253841,52.29051905768303],[6.766792168339585,52.29066979119142],[6.766930129766369,52.29140462778411],[6.767109646220332,52.29178700279697],[6.767324479313392,52.292199077759065],[6.767442179916011,52.29224484974238],[6.767749957203525,52.292632287691006],[6.7677577045565,52.29246548109575],[6.768386180884239,52.291854923627255],[6.768366661454554,52.29175468340048],[6.770024645613421,52.29159404513176],[6.770271579263821,52.29166981706625],[6.77069184068987,52.29227466584578],[6.77344555231518,52.29240004541038],[6.775516326485645,52.29315251070482],[6.7799883849903555,52.297173178531935],[6.780608360700254,52.296970291706415],[6.785048611783841,52.299812725560095],[6.7863224779749665,52.29967864134268],[6.788070476002199,52.29998540200706],[6.792550567458127,52.300386788189535],[6.788383013266098,52.303651400902865],[6.787892195331134,52.30497555070199],[6.789201356023681,52.30539776148547],[6.7899824072315855,52.30542265320128],[6.790780621951799,52.3053289257075],[6.791278950995528,52.30540151646417],[6.792806631728179,52.30585230129321],[6.794126704295756,52.30601760632256],[6.79402501361245,52.306146934867456],[6.7940641333850245,52.306206065481085],[6.795601680694277,52.30635899487002],[6.7974514261430725,52.30670081181085],[6.798157090908798,52.307638469963265],[6.80123362710894,52.3085466923407],[6.80137070224779,52.30873006165219],[6.80182590848612,52.31077911203925],[6.801784807273615,52.3109529092657],[6.801997476679681,52.31277186878029],[6.801934351927757,52.31323959581321],[6.802135603471686,52.314051066301055],[6.802128904829691,52.31454419470588],[6.800502348373963,52.314676199296976],[6.796394362653884,52.31522843972513],[6.787947311153791,52.31706090542834],[6.7851489933937685,52.31736996400961],[6.785902657041132,52.318229596462075],[6.781712626663767,52.31832817738545],[6.780376269187282,52.31812378605146],[6.779218826687284,52.31781963685237],[6.777971180788544,52.31815526497768],[6.777532212707155,52.31837506259322],[6.77715510022568,52.31838881784769],[6.7769108863639405,52.31852741064514],[6.7766339793494375,52.318530188591126],[6.776275100297722,52.31836209877075],[6.776004700067715,52.31836418756792],[6.773841845500585,52.31891057319837],[6.77000692164416,52.32218816390318],[6.7631840078950844,52.32749248763732],[6.76283103021088,52.32892724782464],[6.762136077362375,52.3307615786256],[6.75903535255931,52.33206059951328],[6.7537722016086255,52.33004426030069],[6.750679165360315,52.32966534723912],[6.7499538964896635,52.330084034692334],[6.745413100381392,52.334720180132656],[6.743684933390735,52.33610946549],[6.734497262467082,52.33935478228877],[6.720845661946201,52.34120753596724],[6.721167950668645,52.341080594823126],[6.721010485001343,52.3401276643134],[6.719104081765478,52.338489413583964],[6.719208171223674,52.338465535951656],[6.7186847620820505,52.33799276389654],[6.715586578303505,52.3365697989926],[6.715038864321822,52.336184555229956],[6.713446185177451,52.33420543693155],[6.712697910779515,52.33359866714317],[6.712356045660341,52.333414409985984],[6.709801488396017,52.330805717529046],[6.709446966549702,52.330599814092785],[6.706841171819027,52.332258756757966],[6.696953853145959,52.32980727038219],[6.695207075530403,52.32697791547349],[6.694945198399291,52.32682289889499],[6.696873263051824,52.32576209282975],[6.697436976712609,52.325587795880395],[6.707010183006385,52.32100414783038],[6.704353851827268,52.31973633965809],[6.705895954606052,52.31795685349129],[6.6948696316903575,52.31499432753215],[6.6946810330513085,52.31481057220178],[6.691848941770706,52.314888329214185],[6.690229455188699,52.3147924190786],[6.69015666130415,52.31473133424981],[6.69231953956862,52.313967601695666],[6.690042303179551,52.31300955374854],[6.690711933794045,52.312547012512944],[6.690988650660814,52.31210836942169],[6.69109769784413,52.31148070014184],[6.690695477626346,52.31147817831648],[6.690686354343356,52.310544731606925],[6.690347092699993,52.310155576088476],[6.689481310602509,52.30958863576181],[6.690940198124308,52.30839106427343],[6.693844137016791,52.30866601221973],[6.694662021053163,52.30859889351511],[6.695619558197082,52.3086454047775],[6.697270055572103,52.308461922495184],[6.697460238688415,52.30861046545464],[6.701088063218068,52.308069026704665],[6.7012129237652545,52.30778423384556],[6.702017136073302,52.307851606243354],[6.7044145897814795,52.307088777335935],[6.705648903548502,52.30654180670439],[6.705594200998871,52.30649863273307],[6.7057780171900285,52.306389553869465],[6.705904969055943,52.30641987693695],[6.709521637738705,52.30481547415683],[6.709616753655058,52.304671938775954],[6.709910481351744,52.30465288626945],[6.711005507788421,52.30413005050756],[6.711233935209538,52.30412425623739],[6.711350039312468,52.30406425930232],[6.711275210079354,52.30377736812297],[6.711992089995946,52.30366818585814],[6.712134559627463,52.30350113342799],[6.717238619553756,52.300510696785665],[6.718879228484923,52.29933123771468],[6.719239978345495,52.2992602965355],[6.719065783273592,52.29905929339352],[6.721147231012986,52.29783210991132],[6.722023248515088,52.297105348452],[6.72237520161163,52.29654680248012],[6.722811727337881,52.29656146604377],[6.7231591711063325,52.29633027645636],[6.723303047438575,52.29596059611578],[6.723841343429892,52.29608107168205],[6.724430650088741,52.29583631135771],[6.724603632661637,52.295579720285346],[6.7252226042115515,52.29506875935554],[6.725431737955128,52.29464007216688],[6.7257156801471325,52.29452536014471],[6.726344593149049,52.293498288790055],[6.726602941543081,52.29320353169386],[6.727741654395485,52.29213033209051],[6.7282074449579445,52.29184388784579],[6.729640561254174,52.291322700285974],[6.7295775443463555,52.2912310652913],[6.729617046827112,52.29047151369661],[6.730886959806883,52.29079703825422],[6.730946367005969,52.290778924568],[6.730987562488126,52.289993734964334],[6.7322221084050575,52.29016405134522],[6.732891836775177,52.289813145436014],[6.735841120305102,52.28798793311131],[6.73713477605852,52.28699431836673],[6.737415692106326,52.287011747435905],[6.737600207529432,52.2869284432707],[6.73755528193045,52.286882133939564],[6.737671998865188,52.286771127802965],[6.738398516164734,52.28635646628429],[6.7413329323767,52.28431160445],[6.742770905661,52.28311865245876],[6.749497836918864,52.285014836162276],[6.749844569191452,52.28500639806089],[6.750319644026081,52.285120964876114]]]},"id":"3c6df288-e891-5efc-88d7-f60b810b1a83"},{"type":"Feature","properties":{"code":"1735","identificatie":"GM1735","ligt_in_provincie_code":"23","ligt_in_provincie_naam":"Overijssel","naam":"Hof van Twente"},"geometry":{"type":"Polygon","coordinates":[[[6.612147207678894,52.16316630338368],[6.613882569390704,52.164020946603436],[6.613996099908729,52.16418147451593],[6.614696473413114,52.164455564544376],[6.614798401801383,52.16428732981914],[6.615257938689319,52.16439057366222],[6.617209504170558,52.16519512378853],[6.618758601022563,52.16620294720577],[6.621692078165945,52.168417014196606],[6.6227210262674046,52.16829469886857],[6.62361432328562,52.168287783699604],[6.624094091997312,52.16833185073291],[6.624516502444175,52.16854307133604],[6.624952229628852,52.168649826472084],[6.6250084031164365,52.16902043930937],[6.6256420756959695,52.169258391829615],[6.625929599550517,52.16954010263116],[6.625831328260032,52.16964049698768],[6.625795818846277,52.169948413313044],[6.626008276210515,52.170335784664],[6.626334424984059,52.17061562367724],[6.626348953796334,52.17105695687724],[6.626563832683654,52.17145692209183],[6.626213870035078,52.171684114365284],[6.6251540129810955,52.17210213844599],[6.625839650660682,52.17249925802635],[6.626737467300807,52.172213259497525],[6.627050074436673,52.17218153365289],[6.62740794092007,52.17239468093553],[6.62910101219739,52.17203266884875],[6.629532904978181,52.17239268975649],[6.630526935149485,52.17289577533665],[6.630326462217399,52.173507617803516],[6.630545079941984,52.17359950765647],[6.630620358600035,52.173548637487244],[6.630597481253581,52.17337519662835],[6.631189598350442,52.17308714547507],[6.632101551492473,52.17279770295777],[6.633070836527198,52.172645536384216],[6.63486161365674,52.17216467373359],[6.640280130439704,52.16740514073074],[6.641848173119918,52.17037496199021],[6.647294071297763,52.176895282209756],[6.646336608800232,52.177880902067386],[6.646508681680313,52.177940144560125],[6.645609232208668,52.17885336293504],[6.644655660841899,52.179796724161136],[6.642754975962431,52.18144711806465],[6.641391369159688,52.18090621122832],[6.640492279217958,52.181144657051576],[6.639665802818552,52.18150566073692],[6.638744115994572,52.18219265032886],[6.63837569972137,52.18256447022933],[6.638035003299337,52.183183340314365],[6.637286408554577,52.18362764537791],[6.6369157534957015,52.18411554773658],[6.635353562122946,52.18478361126287],[6.634948143986432,52.18519834639955],[6.634453812614033,52.18595520816013],[6.6334150719344285,52.186018498876315],[6.6327748659425545,52.18620890932545],[6.630535706740884,52.18632545230074],[6.628452114651017,52.186761467994394],[6.627667732516365,52.18706517873291],[6.627616635425927,52.1872071096671],[6.627685101111724,52.18731723071845],[6.6264487668501175,52.18781487995105],[6.626453017394194,52.18798459764255],[6.625877244171734,52.18836583558993],[6.625273519518188,52.18864938611332],[6.624361991342874,52.18891729369756],[6.652097501575094,52.193589312884384],[6.653081957845847,52.19370069859682],[6.672050448380937,52.19818671759109],[6.697494103180739,52.196247967476125],[6.703468998746126,52.19852793535149],[6.712387766342332,52.20633143274624],[6.7020391371711385,52.21682155121438],[6.703239479841758,52.2194421096381],[6.71213972009115,52.22602899571662],[6.716306285605489,52.2386195753105],[6.716456165516244,52.23875611880457],[6.716430722072573,52.23899549063448],[6.717087846349203,52.24098049736162],[6.7173033874314,52.240295231979644],[6.717641812018475,52.23981420162091],[6.7179971723433995,52.23960844268522],[6.718071782644125,52.23963470322906],[6.71879982639495,52.23917610939187],[6.718811514527603,52.23893693701667],[6.718606382362477,52.23853703477265],[6.718547883828434,52.23813011271109],[6.718663589318551,52.237910630662434],[6.71889714904481,52.23785579866387],[6.719557374942975,52.23790224836149],[6.720672741371491,52.23799395613842],[6.720936609968504,52.23808531419509],[6.721144657883425,52.238830037158365],[6.721508731042791,52.239151095854055],[6.721502503788854,52.239292578920406],[6.72127315876745,52.2397192104324],[6.7207505249155055,52.24026209877482],[6.721068072190481,52.240524483610955],[6.721221159635166,52.2407668376965],[6.721103381835282,52.24120083761252],[6.720539898657624,52.241773822371066],[6.720055388410083,52.243742249736016],[6.719859532756306,52.2438366047066],[6.717926716045534,52.243514243851365],[6.7196163522530306,52.248616693932036],[6.721355084931596,52.249627447344395],[6.721781072178724,52.24999945575972],[6.72419389192822,52.252707157059],[6.729337041132947,52.2525575448778],[6.744983626601527,52.25189408697217],[6.74494775295271,52.25199517475567],[6.745121035060182,52.251991447816344],[6.746771576376245,52.251778884631086],[6.748197286868696,52.25184642986172],[6.748277092819163,52.25169177341391],[6.74865551179505,52.25167195113872],[6.748907968489666,52.251815110137336],[6.7502266630943755,52.251736321121285],[6.751452681437688,52.25187751214883],[6.752032388146534,52.25201064588871],[6.752959510449648,52.25236956094698],[6.7522768965090885,52.253047097174104],[6.752772637746912,52.25336489463397],[6.751641046388265,52.2576157523337],[6.751065423409861,52.25774141272335],[6.751376049576705,52.25818367395632],[6.750916217514003,52.26006248028331],[6.750788341507648,52.26009667597146],[6.7508485728528065,52.260181572704575],[6.750730608164123,52.260214152769024],[6.750918940906788,52.26059850911612],[6.750577022546053,52.26174512083681],[6.750179657021063,52.262641401820254],[6.749578272548958,52.26352565204875],[6.749377861710429,52.2639657207217],[6.7492549634817784,52.264435034968585],[6.749292675489853,52.26467714658603],[6.748981936258869,52.2652731128055],[6.748941230790607,52.265890118834996],[6.747904958301395,52.266866077931276],[6.748752770584871,52.267084734770364],[6.748815711764698,52.267005779348196],[6.7494134196544096,52.26906148068109],[6.749372900269639,52.26954958415929],[6.749259964300689,52.26958597870603],[6.749256967735098,52.269930609888085],[6.748564192869947,52.270166695702926],[6.748625735758423,52.27023525462352],[6.748737193788401,52.2701983743613],[6.749367913326392,52.27101633457013],[6.749311842380408,52.27110399309069],[6.749136740356056,52.27113252880538],[6.74906827810052,52.271468647002024],[6.748977582724961,52.2714802632805],[6.748610186270939,52.273397899181205],[6.748668600774322,52.27403886778849],[6.74858943990182,52.274140221269484],[6.7487097919806365,52.27413027710165],[6.7486951813106115,52.2741996236063],[6.748577168035049,52.27422182855886],[6.748401668870259,52.27517924766172],[6.747977751212349,52.27647963820689],[6.747139388731716,52.27824849546225],[6.74694381535797,52.27837434266846],[6.745739629131378,52.280164557477995],[6.744964435230038,52.280915638870134],[6.744782035557138,52.28138031752208],[6.74433510648315,52.28170531863244],[6.7437553162159345,52.28146372269004],[6.743606310673023,52.28154731237166],[6.7436912285064015,52.281576180487164],[6.742886460209114,52.28311347961948],[6.742770905661,52.28311865245876],[6.74186694228331,52.28390394462598],[6.738398516164734,52.28635646628429],[6.737671998865188,52.286771127802965],[6.73755528193045,52.286882133939564],[6.737600207529432,52.2869284432707],[6.737415692106326,52.287011747435905],[6.73713477605852,52.28699431836673],[6.735841120305102,52.28798793311131],[6.732891836775177,52.289813145436014],[6.7322221084050575,52.29016405134522],[6.730987562488126,52.289993734964334],[6.730946367005969,52.290778924568],[6.730886959806883,52.29079703825422],[6.729617046827112,52.29047151369661],[6.7295775443463555,52.2912310652913],[6.729640561254174,52.291322700285974],[6.7282074449579445,52.29184388784579],[6.727741654395485,52.29213033209051],[6.726602941543081,52.29320353169386],[6.726344593149049,52.293498288790055],[6.7257156801471325,52.29452536014471],[6.725431737955128,52.29464007216688],[6.7252226042115515,52.29506875935554],[6.724603632661637,52.295579720285346],[6.724430650088741,52.29583631135771],[6.723841343429892,52.29608107168205],[6.723303047438575,52.29596059611578],[6.7231591711063325,52.29633027645636],[6.722811727337881,52.29656146604377],[6.72237520161163,52.29654680248012],[6.722023248515088,52.297105348452],[6.721147231012986,52.29783210991132],[6.719065783273592,52.29905929339352],[6.719239978345495,52.2992602965355],[6.718879228484923,52.29933123771468],[6.717238619553756,52.300510696785665],[6.712134559627463,52.30350113342799],[6.711992089995946,52.30366818585814],[6.711275210079354,52.30377736812297],[6.711350039312468,52.30406425930232],[6.711233935209538,52.30412425623739],[6.711005507788421,52.30413005050756],[6.709910481351744,52.30465288626945],[6.709616753655058,52.304671938775954],[6.709521637738705,52.30481547415683],[6.705904969055943,52.30641987693695],[6.7057780171900285,52.306389553869465],[6.705594200998871,52.30649863273307],[6.705648903548502,52.30654180670439],[6.7044145897814795,52.307088777335935],[6.702017136073302,52.307851606243354],[6.7012129237652545,52.30778423384556],[6.701088063218068,52.308069026704665],[6.697460238688415,52.30861046545464],[6.697270055572103,52.308461922495184],[6.695619558197082,52.3086454047775],[6.694662021053163,52.30859889351511],[6.693844137016791,52.30866601221973],[6.691411834139849,52.308464234441715],[6.690032786806705,52.308262758933644],[6.6887148580724265,52.307939633739835],[6.6874342272976675,52.30748231407056],[6.687172958514746,52.30721392672121],[6.686894593993816,52.30732188546404],[6.685562362468431,52.30680919441764],[6.685153623770966,52.30646921839206],[6.684777796999328,52.30663121255874],[6.68363656096244,52.306204843160145],[6.682383518969593,52.30567277648837],[6.68244006353108,52.30552547957895],[6.6803337327539065,52.304475200843065],[6.680030866179403,52.304242560615414],[6.67803669081596,52.3033839480077],[6.676346684250171,52.30245316804766],[6.676117263215566,52.30248011906369],[6.675355000098383,52.30209539817652],[6.6754393024953975,52.30178217672218],[6.675287630665103,52.301771416215644],[6.675024588039036,52.30197931409941],[6.671445728605493,52.30030891893724],[6.667901711246882,52.298855151892035],[6.664638566314473,52.29775930169954],[6.661107031632184,52.29669519890797],[6.661034804226333,52.29655937655431],[6.660800428671795,52.29661168149688],[6.660100372739996,52.29642147206052],[6.659978268652815,52.296241458605934],[6.659897351910038,52.296365133089914],[6.658073235561986,52.29588979973116],[6.657519785393789,52.29485430462858],[6.652380242873807,52.29390618064173],[6.651002154985009,52.294218017457595],[6.647496330466932,52.29365204429058],[6.64746457827604,52.29371098888167],[6.642288034995824,52.29252863280942],[6.641604110122663,52.291736272674335],[6.640741321535206,52.292015688498616],[6.6392484334511925,52.29198680363912],[6.638742281272722,52.2921506163706],[6.637787512250095,52.29198580399945],[6.63670490792427,52.29073812572531],[6.635592484879774,52.29108380942501],[6.633278377342959,52.291258835106454],[6.626066252019869,52.289973947579256],[6.617865846549785,52.28223750094685],[6.605363052972737,52.27068885483408],[6.595148415918581,52.27119855107205],[6.583511635040155,52.27004782445225],[6.58069622540408,52.2695183945559],[6.575382592829618,52.26931616440086],[6.575326452761198,52.269116175610115],[6.569848758039048,52.26999531573937],[6.568191362875491,52.270143694082215],[6.564387978827233,52.272411867932334],[6.562252558619838,52.27435889714791],[6.554008645759327,52.283312959934385],[6.551996093142391,52.28326970585189],[6.541546583910206,52.28226669043788],[6.541561739674529,52.282683241116885],[6.535795272661413,52.2827043842786],[6.535166947688141,52.28296189837395],[6.534890032779557,52.28299169745355],[6.532831115076915,52.28283798194669],[6.531429363514191,52.283082315994136],[6.529307328743806,52.28329180932005],[6.525812738280387,52.28349895605314],[6.523537898103333,52.28329967276711],[6.522542474172332,52.283431340168384],[6.521962027973566,52.28338555514275],[6.521347132831993,52.28332449388142],[6.520307199882116,52.28296434197925],[6.5183951502727,52.28281946552329],[6.51786928779901,52.28287077987753],[6.517263933670895,52.28304786392257],[6.516580903832554,52.28273774737823],[6.515687135159997,52.28217938224146],[6.5140154989033325,52.28175115917346],[6.5106341419090406,52.28126096164751],[6.5087051374574605,52.280846409010046],[6.5072020118913345,52.27994845189985],[6.504606205949216,52.27953380521897],[6.504465452608437,52.27963777551262],[6.494897983465258,52.277102184714835],[6.490030333604635,52.27591474231229],[6.489782312889998,52.27556980577502],[6.485259603456922,52.27460645597295],[6.482974282860704,52.273805704906835],[6.481823866923841,52.273250329490075],[6.480666741211324,52.27304772097371],[6.478112269057129,52.27217852935021],[6.477641084053362,52.27185587911557],[6.477157288719407,52.27192047590461],[6.476811287913139,52.271602716724715],[6.475563980832679,52.271283698850894],[6.471230978508394,52.269309753629926],[6.471001524378406,52.2676860373381],[6.4663252944510585,52.265392404436525],[6.463100485151013,52.26404083257533],[6.4631441495659185,52.263998818404254],[6.461796926053709,52.26340333614043],[6.4489709118821406,52.258453231610055],[6.4478120868706235,52.25784338604804],[6.441490181167544,52.25659707097195],[6.439043396482043,52.25473023569116],[6.436995642376452,52.25406402928201],[6.43674838191518,52.254052033874665],[6.436459148503097,52.253896083631226],[6.4330463644653335,52.25284490847777],[6.429684604919507,52.25169802475742],[6.42958342715293,52.2515282904947],[6.430057384696002,52.25134241472603],[6.431821270372003,52.250901513232634],[6.429385971913329,52.24907588739972],[6.42848612169013,52.24820329103378],[6.426226175776559,52.248862423910474],[6.42506819934482,52.247954545766795],[6.420744663742878,52.24493137263697],[6.419311746912242,52.24411930616431],[6.417978687756634,52.24348557111498],[6.416422228279948,52.242166351854785],[6.416639756561956,52.242136789493436],[6.4164335297967785,52.24073668062159],[6.416405046713559,52.23865026578654],[6.416313152924248,52.238182032509414],[6.4163320671334905,52.23798313352147],[6.416595062287174,52.237959197091065],[6.416567175641714,52.23777895252603],[6.416807354524157,52.23712633899192],[6.418341030736701,52.23590392251507],[6.420161723277326,52.234301127893225],[6.423134321821945,52.2320126948128],[6.424783370229297,52.22971326147202],[6.425838268746042,52.227351168467976],[6.4262624956656555,52.22694511239416],[6.426561962386444,52.22641799990765],[6.4274962670552975,52.22546058973284],[6.428156921382904,52.224219032579505],[6.428469688803035,52.22386185925933],[6.431243535576095,52.22160219877369],[6.431946775600521,52.22093505497187],[6.432940780597721,52.22044815713067],[6.433672051539661,52.22020968456074],[6.435735699306885,52.219120665665116],[6.436597582223933,52.21880605056263],[6.436951538062425,52.2184623298986],[6.437388037675067,52.21830528377451],[6.437731219302426,52.21806358597436],[6.438289617835958,52.217993448916936],[6.439590856832149,52.217353919901264],[6.440031709978254,52.21699188742549],[6.440294686212454,52.21632987625868],[6.440488653390125,52.21611628692729],[6.441811127735492,52.215672672200434],[6.442264779268122,52.2152964047803],[6.443662496386365,52.21460895752861],[6.445641156403995,52.21303109779212],[6.446476230833636,52.21269840277717],[6.447986560900488,52.2112774187508],[6.448913376513137,52.21069507953643],[6.449025614028321,52.21056050062206],[6.449096904585218,52.21011384923],[6.449213253088949,52.209936987107795],[6.449883772041472,52.20968961060149],[6.450012831038195,52.20936495189066],[6.45033226061837,52.209047207461275],[6.450668062006107,52.20820807040749],[6.451177332882295,52.20764295664385],[6.452053749398306,52.20692792595129],[6.453208778127484,52.2062527982774],[6.4537094214469315,52.20529288496684],[6.453410461031538,52.204305859226],[6.45427961902075,52.203377488788966],[6.454875511898884,52.202377698230706],[6.456549101115786,52.201510253202585],[6.456994887192872,52.201083760875235],[6.45728705923817,52.200964656567955],[6.458442005259561,52.200923078515835],[6.459217066378289,52.20067880621453],[6.460747356257799,52.20040336517909],[6.4613765262707386,52.20049001551309],[6.461756073610308,52.20038789305319],[6.46209486473656,52.20039433570396],[6.462469836776361,52.20071072337081],[6.463057097469224,52.20075107808753],[6.465153090822213,52.2005600282899],[6.465372461698336,52.20042523653485],[6.466209821547479,52.200199611301755],[6.467474727713279,52.20041005693778],[6.46814526772502,52.200167518246936],[6.468604078623699,52.20013994474615],[6.468815497329617,52.199741944576054],[6.470293352207244,52.199373585437115],[6.470334457149218,52.19929413583822],[6.470253840318207,52.19915146325622],[6.46985022373061,52.19881924626313],[6.469464453868262,52.19828203296691],[6.469601959125414,52.19761975319219],[6.469767861939226,52.197260136153204],[6.469765568344857,52.19680445511425],[6.4695815564658785,52.196367860729104],[6.469633275294046,52.19609494302901],[6.469526574424109,52.195631977021485],[6.469697618861195,52.195168773486934],[6.469318250186457,52.19449020063075],[6.469732150954394,52.19356759321806],[6.469820875107621,52.19304741984875],[6.46999897838001,52.19269046761185],[6.470278261940039,52.192398562527245],[6.47114275551241,52.191073709056404],[6.472243639531832,52.18994523276466],[6.47297332419677,52.188319767746414],[6.473616802418476,52.18791160581199],[6.474227111536368,52.18769097800196],[6.4762422634700085,52.18620887450908],[6.476821920589923,52.185651084303544],[6.477558309253721,52.18518820050028],[6.478966940119118,52.18276641134156],[6.479113929055368,52.182333005235435],[6.479215827210671,52.18225750173558],[6.480492788265397,52.181994444348106],[6.481761270107797,52.18192681892875],[6.4832591218626705,52.181719038217366],[6.4848691142056865,52.181348553036955],[6.48577109165087,52.18090405758961],[6.486142509822398,52.18052559384018],[6.486389178076152,52.180434614340555],[6.48731241960092,52.18044139761138],[6.488141574016881,52.18058695494976],[6.488560320419098,52.18055555047566],[6.489780947076666,52.180052598126906],[6.4908056395275,52.17977983069266],[6.49206108348349,52.178362529988284],[6.492422281592443,52.17806787053149],[6.492401140070114,52.17737186395404],[6.493298018286409,52.1771853938224],[6.495647958472209,52.17713883485094],[6.496031187343345,52.17717523290248],[6.49939470779134,52.178041256831136],[6.500714591908679,52.178301485547124],[6.5020873796648955,52.178750086771885],[6.5045338759107905,52.1793905367898],[6.505464605357923,52.179517545716564],[6.511604835201773,52.18091443745233],[6.513240991168137,52.18123054075672],[6.513946831185192,52.181293787519806],[6.513976966271637,52.181205204268906],[6.514157950286968,52.181228473065204],[6.514163379158749,52.18131135044049],[6.517680929618933,52.1812677297727],[6.517852114379502,52.181086711891375],[6.519437994351493,52.181018290372684],[6.5216520950223185,52.18073758176052],[6.522381636105266,52.18072419156393],[6.5243590627587285,52.180301404985144],[6.5302242797684515,52.17993337707078],[6.536198376389092,52.1792383278333],[6.546150868853381,52.17822595733895],[6.5488689677681124,52.177851181997326],[6.555349472159147,52.17725556392278],[6.574657520510868,52.17977776489721],[6.586833838852192,52.18186954276863],[6.58789261838314,52.1819870597832],[6.588473583274113,52.18217925789679],[6.589508640029405,52.18221862913668],[6.5899537109215585,52.18248783610298],[6.590415080833714,52.182463518413435],[6.59084088398679,52.18237083379182],[6.591585094752265,52.18200412956367],[6.591067431288256,52.18184591646168],[6.591119734356265,52.181811171574495],[6.591792341080398,52.181672297384],[6.592139933998448,52.18170304003507],[6.593442761282005,52.18080012806932],[6.593478760523508,52.18050393106874],[6.593597045842947,52.18038633518911],[6.594226445098018,52.18043706607483],[6.595126036197148,52.18012510869762],[6.595368246754379,52.17995115001291],[6.596115189283682,52.17983524686791],[6.5977968858039615,52.178700474550396],[6.597916089722587,52.17852629846377],[6.598735303475034,52.17789480515567],[6.602028241398409,52.175910180810185],[6.606326834794961,52.173082441981364],[6.606207438179588,52.17236913925329],[6.604989277413052,52.17194218747211],[6.604171325857695,52.171470052339934],[6.604274800700021,52.17132752827098],[6.603535465770233,52.17066208282123],[6.603184833151573,52.17072182376571],[6.602985859791769,52.1698517647734],[6.603094246994083,52.169442763441054],[6.603426024394602,52.16921195372741],[6.602851337344827,52.16912131118997],[6.603716849666656,52.16802549983083],[6.605057226238294,52.16665616754818],[6.604931502141321,52.166309886892115],[6.604990040975673,52.166171043862725],[6.605293586066469,52.166057410293334],[6.6054868114093654,52.16612039469719],[6.606084184102095,52.16551470637455],[6.607354759181872,52.16463092354466],[6.607845470934082,52.1647051814085],[6.608496133234242,52.16497938200185],[6.609270338647138,52.16514329190216],[6.609485296101163,52.16489882531873],[6.6098327903391105,52.16475214903347],[6.610645529153297,52.16405225778103],[6.611237014354233,52.163859827974214],[6.612147207678894,52.16316630338368]]]},"id":"0c85fdc6-c40b-58f5-abd3-cec0fbf8f591"},{"type":"Feature","properties":{"code":"1700","identificatie":"GM1700","ligt_in_provincie_code":"23","ligt_in_provincie_naam":"Overijssel","naam":"Twenterand"},"geometry":{"type":"Polygon","coordinates":[[[6.598797997182533,52.38362776282882],[6.609454969944356,52.389551481387734],[6.61397938345797,52.38611947062616],[6.615037198816254,52.386543390148375],[6.614928449834107,52.38665326033172],[6.6150444943213085,52.386546370540614],[6.615249039435378,52.386630043243485],[6.615175444116689,52.386716035169506],[6.617924210484183,52.38799973659782],[6.618348585731709,52.38842972594044],[6.618513914101829,52.38904711221424],[6.6186721626414595,52.38934087112912],[6.619492089363858,52.38983040581381],[6.619983427723677,52.38997720349606],[6.620219626138808,52.38982795313471],[6.620626241905659,52.38999851521701],[6.6217631754360315,52.389545321446526],[6.629063702871853,52.392417743574754],[6.636381542290572,52.395535651057656],[6.637778985135863,52.39636556935623],[6.638712630092554,52.397117133213335],[6.639569514512082,52.398061486320685],[6.640199568495618,52.399122747159986],[6.644477053637175,52.396922953437944],[6.647626005030818,52.395453623630054],[6.651751700217404,52.39872452181789],[6.656455694544791,52.395228636790314],[6.656724032425475,52.39511873353576],[6.656992007554541,52.39482909972603],[6.664168721973568,52.389514292087],[6.6657413734131605,52.38989862629496],[6.667157168177959,52.38992823242741],[6.668146125570107,52.3897665366639],[6.671895918961091,52.38885139712562],[6.675848983032535,52.39526996244344],[6.676002078594164,52.395671700476484],[6.675885883123809,52.39603590371369],[6.676119896436422,52.39615066522014],[6.684391224509308,52.39089899723595],[6.6848566019658096,52.39127714085836],[6.685581266525672,52.392079169890984],[6.685177392541131,52.39309381163758],[6.685229053775085,52.39310491229777],[6.686051309489,52.39324265815912],[6.687387309932254,52.393298587979494],[6.691112575954897,52.39280255955854],[6.698635303416251,52.39374107104791],[6.679205774926617,52.40993251715229],[6.6780654194379325,52.41077770230597],[6.677564033145399,52.41123446125849],[6.677677881105214,52.41130935309891],[6.675347027436229,52.413223761127846],[6.675327007295913,52.41352188420552],[6.675442245886129,52.413942082574486],[6.6748201906015865,52.414311029997535],[6.673954032476983,52.41442443268422],[6.674192962535058,52.414629811632196],[6.673954316056107,52.4147432419582],[6.673621570774386,52.414718408593174],[6.673448261366662,52.41489199806141],[6.672613116920721,52.41482402603792],[6.672618778780537,52.414990188469496],[6.672324256661287,52.41543702024706],[6.672351972879163,52.41580290092195],[6.672155004094498,52.41608648541704],[6.671601179071311,52.4164104786586],[6.6711167373183775,52.41654151654273],[6.671080083584121,52.416835342548474],[6.6706186093260635,52.41712195343481],[6.669847985129248,52.4172313329363],[6.669673052662335,52.41736749721716],[6.669808131014376,52.41759006286709],[6.669817671621645,52.417764614433096],[6.670225848211664,52.41815200019417],[6.670317098230738,52.41870341571675],[6.670210663773319,52.41890484983314],[6.670452975995246,52.41912270250137],[6.670791422165663,52.41914381590058],[6.670956219897945,52.41962026989372],[6.6712957586857415,52.41975645834516],[6.671879779719937,52.420255698731765],[6.671515804461021,52.42069529031983],[6.672007409712526,52.42136929722119],[6.672626995994506,52.421774892841015],[6.672551305171628,52.42208462084641],[6.673048546642924,52.42224247173661],[6.67313196939978,52.42210893220949],[6.673621110599499,52.42208054678957],[6.673768539728155,52.42193975894823],[6.673993548283901,52.422048223080395],[6.674256561160691,52.42204840321897],[6.674629853964767,52.42250906757171],[6.675186206006028,52.42295727755346],[6.676099085396501,52.42357484921577],[6.676548611569566,52.423654789469154],[6.674235447369037,52.42435472178648],[6.673998974914796,52.42464689045104],[6.67422200289175,52.42492137459815],[6.673967193617978,52.42520701004117],[6.674204537357809,52.425365926863165],[6.67423950588516,52.42559867155064],[6.674892414779124,52.42586924634659],[6.6749689369336185,52.4260407500974],[6.674886359408907,52.42624990150829],[6.674997021889225,52.42643295275253],[6.67491337564671,52.426515935807316],[6.675171074981248,52.426655484002936],[6.675084665315301,52.426864326645564],[6.6751403894233885,52.42697184287356],[6.675330471225713,52.42701749550145],[6.675656428052315,52.42690744584622],[6.675851047089704,52.427154884120505],[6.6762933537914435,52.427429477269754],[6.6769180572971365,52.427334257110644],[6.6770135870051135,52.42750473464519],[6.677638795267401,52.42759679773721],[6.677885939703594,52.42783172379429],[6.677778269310449,52.42843409014394],[6.677683780011005,52.42855262578039],[6.677900549673448,52.42885407374352],[6.677306415155223,52.42917286842096],[6.677427129970766,52.42920229407264],[6.677348962053834,52.429376883399996],[6.67743606334742,52.429567235963425],[6.677268163320228,52.429870357798485],[6.676576841695874,52.43051423183125],[6.676667636344336,52.4307097490167],[6.67438578598716,52.432655587730615],[6.674127408668856,52.433446546900825],[6.6735185924677785,52.434494695400055],[6.673491591280005,52.43472993745419],[6.674503349526041,52.43577742558873],[6.673699967571945,52.43637395217671],[6.673426558385066,52.43675924429514],[6.673427126665899,52.43698319400597],[6.672644186639802,52.43776671113898],[6.672634304324863,52.43797380401329],[6.672524055554358,52.43816361353145],[6.672608971484819,52.43847882432552],[6.672557563436943,52.43896012838397],[6.673041881499858,52.43986667692883],[6.672974018716376,52.44029283586688],[6.673019010267353,52.44069261127811],[6.673195385485069,52.441065783950364],[6.6733905969782805,52.441215038873],[6.673333944839586,52.44145099792104],[6.674095301301373,52.44178802951383],[6.674170886826381,52.44204378311573],[6.675361882188968,52.442582980391194],[6.675633029506085,52.44282999108276],[6.6757900669077905,52.443430022457946],[6.6763609142639995,52.444112757240084],[6.676593041509454,52.444171163722466],[6.677819944284343,52.44415731933297],[6.67894040589125,52.444779134107044],[6.680240676655143,52.444941716703845],[6.680713058398507,52.44519996624887],[6.681303123950796,52.44568945930538],[6.68285822682246,52.44626594246397],[6.684475601377528,52.44620909059693],[6.689354060865785,52.447050876709035],[6.6902056222929875,52.446935424014974],[6.690522303529729,52.44706101489611],[6.69208232103691,52.44734750062932],[6.692249637990125,52.44742720994847],[6.692030887162725,52.44777469464147],[6.692491115885144,52.448154115018454],[6.69387216896924,52.44878179090647],[6.693854180213114,52.44918177736075],[6.694473468421967,52.44978116290806],[6.694660731199107,52.45057099657884],[6.694871284558886,52.45084215540313],[6.6959613466856664,52.45118137952277],[6.696618498642239,52.45177418772264],[6.697576166462046,52.451644944261126],[6.69774795053722,52.45177968673117],[6.698147435297544,52.452566601371835],[6.698879920791764,52.453196575895795],[6.699349231604735,52.453716035369936],[6.699525823103352,52.45404108834483],[6.699436443268028,52.454478961521914],[6.699599664625332,52.45481047231248],[6.699086364559035,52.455190318158586],[6.6989169900885575,52.45679518259777],[6.699682043139837,52.4575257049191],[6.699762810047503,52.457917371376936],[6.699954836215611,52.45819166569107],[6.700183523989919,52.45881502392418],[6.700809404967839,52.45981111628613],[6.701629976782754,52.46089665620385],[6.701594666912622,52.46116270102449],[6.702273237737976,52.46167001245293],[6.71008252734998,52.47059921890732],[6.717706685885529,52.47813155024855],[6.6975846209052134,52.48629823858713],[6.693485356756623,52.48632710880881],[6.669301277978264,52.494980733280094],[6.664383306848863,52.49300760912025],[6.653659030798512,52.487832163353396],[6.654578210321487,52.482715243467744],[6.647459617032273,52.47861403920716],[6.651100231411978,52.47515677543062],[6.649555602188958,52.47308988452476],[6.641541226493277,52.47124385326989],[6.640584449524859,52.47310514597308],[6.6356206492508285,52.47164722503362],[6.631216804852338,52.47197258753185],[6.626820825612117,52.47383125987137],[6.620939775155303,52.470540678618306],[6.617682931045165,52.469252545848505],[6.616570462711909,52.469368533915855],[6.613001383776326,52.46560324783501],[6.61213397423782,52.46602222593888],[6.60103502248788,52.47947023166092],[6.595170434036454,52.48028586855349],[6.554463460120779,52.487593288491475],[6.5054687513164575,52.49096261412969],[6.504674516156259,52.487385543422846],[6.503773163427521,52.48172168176893],[6.496036655516149,52.4811956542962],[6.494808907665224,52.48100208633918],[6.494992284296135,52.48083794001003],[6.494716869634316,52.480657291062656],[6.494683156996951,52.48044519934327],[6.494932742764786,52.48020686694188],[6.495599587022536,52.48001111078533],[6.495840332341469,52.479353195727946],[6.495789673534886,52.479256193548174],[6.495032646754038,52.47917184372538],[6.493221503602182,52.47944467378224],[6.492504007544743,52.47925863417645],[6.490935291826363,52.47853272151938],[6.490471461833663,52.47799317868853],[6.489625521898825,52.47748314592188],[6.4892170278788965,52.47708964347397],[6.488575953585895,52.476862207728296],[6.4876213710978865,52.47685606304658],[6.486895387114773,52.47673324592044],[6.485732852861268,52.476956620487016],[6.484139956479084,52.476911573822306],[6.48118901146131,52.47725477580812],[6.479712164250971,52.4776117140263],[6.478405124920605,52.47760450051832],[6.475965409181555,52.47713715555233],[6.475233375798029,52.47668910716815],[6.472442446026552,52.4756883252631],[6.471732034564967,52.47574526826117],[6.469426663502536,52.47561942840379],[6.468203580106788,52.475395236092425],[6.467028180518653,52.475521482093356],[6.466223221626648,52.475159384692624],[6.465451517169998,52.47511546259194],[6.464265628672192,52.474642766924],[6.463489964879108,52.474235112054124],[6.463131912344556,52.473950456882605],[6.461504407409645,52.47334066492375],[6.461600852625486,52.47326832664837],[6.461660942032953,52.4723180128925],[6.461497584035961,52.47221150195904],[6.460709925301491,52.47223132045087],[6.460634924199321,52.47203753387701],[6.461485901826046,52.47163212007951],[6.461538936181826,52.47152876194738],[6.46144938795002,52.471362701072394],[6.461193157064929,52.47118385953933],[6.460446381283196,52.47089967998486],[6.459778435951199,52.470404084119245],[6.45904075095534,52.47008418483151],[6.458652574439651,52.470067875816746],[6.458622049705427,52.46990269937885],[6.457101368471353,52.46986808013616],[6.456936901104469,52.46971914932565],[6.45545396689237,52.469564078765956],[6.4551359746696,52.46934573010435],[6.454879431909532,52.46953631433972],[6.454814188957241,52.469383952131764],[6.4546650328628905,52.469290911894134],[6.454260130238484,52.46931905933272],[6.454103893242519,52.46949358491369],[6.453287201858136,52.46946532285445],[6.4532886097220095,52.46983920460998],[6.452912438930039,52.47004781192479],[6.452932582273765,52.4703387900598],[6.45333480435818,52.470861792268494],[6.454145406793151,52.47134526437026],[6.454095608897942,52.47139438296734],[6.453149454849703,52.47123625706619],[6.452529761137601,52.47104794706605],[6.452200400854663,52.47071862735309],[6.452191452644115,52.470505439081485],[6.452062000866066,52.47034133871347],[6.452632953694609,52.46977742004834],[6.452681342339155,52.46954100350535],[6.452453213592975,52.46930371094668],[6.452194807509952,52.469172452541294],[6.451100593981376,52.4688266219176],[6.450816799283241,52.46862283906141],[6.450690643084217,52.4680508203782],[6.450759043104407,52.46791055009255],[6.451763240615213,52.467424178539446],[6.452857864649981,52.46710204213132],[6.453176351262038,52.4667646601726],[6.4532737133479205,52.466530202526705],[6.4532440427522495,52.46632810303833],[6.452780918407308,52.46517478420988],[6.452671192130872,52.46471604885168],[6.452507222281777,52.464561912367294],[6.452355368390711,52.464516656121575],[6.451810749831212,52.464632714076394],[6.45135557879286,52.46491353561971],[6.451111827636779,52.465414525860055],[6.4512324491670965,52.465801314076124],[6.451066324686612,52.466461468894],[6.450975315387621,52.46668458761596],[6.450651096183004,52.466890169083605],[6.448878830755585,52.46663133780869],[6.448375183023065,52.46646866138752],[6.447463286407611,52.465599479923874],[6.447556944758879,52.46477748350273],[6.447731144793142,52.46450298423726],[6.448056993952186,52.46412447462502],[6.448436393347829,52.46392461673567],[6.44893919969031,52.46338919706053],[6.44969743954558,52.46284474429975],[6.449948691192955,52.46205575653171],[6.450066099406671,52.4618940418006],[6.450494241750794,52.461672402197955],[6.451276373621307,52.461577343982064],[6.451427580157909,52.46147573323276],[6.451297238673915,52.461240418368725],[6.45096025481112,52.461140629074954],[6.450497621526545,52.46114475389505],[6.450098300749754,52.4612564176456],[6.449810632771592,52.46117823951437],[6.449405119925239,52.46123068907752],[6.449278564692006,52.46113598350046],[6.448760028603462,52.46113084147811],[6.448549635591655,52.460307440974475],[6.450690737290068,52.45997930776863],[6.453188509091655,52.460085135117794],[6.453489575391836,52.46002213454781],[6.455637417110439,52.45753606298546],[6.457426742016825,52.45484352287073],[6.457988895883107,52.454190312609505],[6.460546348070046,52.452163106051415],[6.460955755733894,52.45202051254971],[6.461715626805979,52.45155237254061],[6.462104570718138,52.45106935615663],[6.462153010286366,52.45071444362949],[6.462369048519176,52.45022742209968],[6.4625899319097835,52.45007783278409],[6.4623497715108895,52.450101314048226],[6.46246167187716,52.44999817569088],[6.464931197970525,52.449125975836495],[6.465757521026591,52.44842284835556],[6.465994432273898,52.4481387162309],[6.466455649595755,52.447015000426866],[6.467388469886268,52.44557224648372],[6.469547949035089,52.44487070801238],[6.473613430400274,52.442947652068696],[6.473840911239036,52.44261575500684],[6.473846787143631,52.44206991419026],[6.473986643905062,52.441681107552],[6.474234865908555,52.441464031605314],[6.474796249190981,52.4411852711908],[6.475598539632488,52.44085736795068],[6.47613820779853,52.44080668603279],[6.476162811117193,52.441134023922764],[6.477351829658931,52.44128992672419],[6.479238304706728,52.44125456738912],[6.479748056236621,52.44113355185666],[6.480014649749479,52.44032589833476],[6.480729126237559,52.44034077822824],[6.510901302467582,52.43717339990576],[6.511361384758323,52.43718819767608],[6.511738905163978,52.43734427200546],[6.511698492887733,52.43744794802876],[6.511438123603988,52.43760084578261],[6.511412394084364,52.437789851150306],[6.511857138711642,52.43801623101702],[6.512169235255425,52.43808667432268],[6.5133430624756325,52.43802218559524],[6.513814950267624,52.4383096356476],[6.514079542822964,52.438272478523196],[6.514211339906662,52.43793665686294],[6.514872803408452,52.43773052744116],[6.515624039252093,52.437843582238294],[6.515984522089779,52.43754314164459],[6.516215682458946,52.43744961862075],[6.517068027228215,52.437809739189284],[6.5178293248960815,52.43781784561629],[6.517837690301036,52.43794953291481],[6.517707165585845,52.43815391208644],[6.517842654890773,52.43873030013021],[6.517753309978472,52.438873714753235],[6.518595491855813,52.439136210677695],[6.518440796876037,52.43952559199816],[6.518715850625236,52.4396816879471],[6.518932207629905,52.439681382960835],[6.519339555732864,52.439527495632355],[6.5198245068185186,52.439773244701996],[6.520162409727219,52.439837874643096],[6.5204063361604145,52.44018695359202],[6.521074269460189,52.44069563191046],[6.521196643643505,52.440622312259826],[6.521082719773963,52.44043367060466],[6.521202958044427,52.440256962041374],[6.521650972511074,52.440280958629685],[6.521943406198702,52.44047121569846],[6.522261899965862,52.440491578908144],[6.522257112598776,52.440383514588376],[6.522047876915494,52.440156418614684],[6.522077893206899,52.439893136041086],[6.523196550823243,52.440184688046806],[6.523813304549511,52.43972873258166],[6.5240696759974455,52.43962632367306],[6.524503175100257,52.43976040156735],[6.525134383423827,52.44022747985161],[6.525664543531307,52.44046524785918],[6.526442248356392,52.440457502091746],[6.526567683870868,52.440348077676845],[6.526892864387937,52.440296233701424],[6.527479748098001,52.4404689125535],[6.527719326505753,52.44045123649442],[6.527692522433428,52.440666672452835],[6.527760353015246,52.440719049917185],[6.5280134731888575,52.44061046190503],[6.528371552083452,52.44064799948765],[6.529622476184055,52.44177034628397],[6.529942634157249,52.441939472823655],[6.529922761012114,52.442200772221554],[6.5300816482472115,52.44246403244686],[6.530213830162612,52.44296313125361],[6.53053996497918,52.44332895059216],[6.530489482742678,52.443549738918804],[6.530576247062793,52.444009997031785],[6.530829419349321,52.44455161008426],[6.531003091461637,52.44468071205694],[6.530170891075786,52.444970388983805],[6.530704723687368,52.4455922195654],[6.531036650784718,52.44621810940591],[6.532248411194535,52.44677630217565],[6.534602350570235,52.447607796257664],[6.535273134864137,52.4478228578799],[6.535797114633971,52.44782263312894],[6.5360810683073804,52.447931873250134],[6.536239720809687,52.448404732715325],[6.537179905774959,52.4484963691421],[6.5378767862164855,52.44875223902281],[6.537917772936531,52.449287268939194],[6.537805624484327,52.44955957741361],[6.5378708857337955,52.449745179442715],[6.538344217852876,52.449715909147095],[6.538440587712547,52.44996281385735],[6.5389210022959,52.45017326004292],[6.539564993020512,52.450253707907976],[6.540554575520663,52.450876013988804],[6.541036016222217,52.450916366692475],[6.541383636498866,52.45103993964394],[6.54177561701918,52.45083337358218],[6.542177320574226,52.45080267375192],[6.542547796012208,52.450916897482415],[6.542886417011237,52.451180095886095],[6.543070770122534,52.4512314180277],[6.543682550760043,52.450947263133955],[6.543931371936402,52.45103354804819],[6.5442637020891885,52.45096594761432],[6.544464423299059,52.45104119618769],[6.544717293640003,52.450815548657204],[6.545144510640904,52.450826654387555],[6.545791932549746,52.45048857032604],[6.546224677463926,52.450688280902895],[6.546919867673978,52.45050602855993],[6.547217883647827,52.45051587459683],[6.547441600552395,52.45031234791336],[6.547726331347358,52.45020277934285],[6.54863976961222,52.45007455538829],[6.549992537488968,52.45005490591063],[6.550933300608099,52.44986968030679],[6.551358935056859,52.449876824304575],[6.551693662481167,52.44973898122841],[6.551756620130914,52.44952084722043],[6.551722458650056,52.449189966567474],[6.551848696643524,52.449207421313986],[6.552307799931593,52.44901100888725],[6.55297687399782,52.448939352940066],[6.554512940744911,52.44845845909976],[6.554856554731983,52.448524282750135],[6.5553470780016285,52.448844372539575],[6.555692312465625,52.448954669601896],[6.556299826047044,52.4487971350585],[6.556906139970713,52.449000487119896],[6.558345935703671,52.44897431013085],[6.559143880215732,52.44863664160651],[6.559907998519468,52.447861394984855],[6.5602091596700225,52.44774075763757],[6.560577925460241,52.447811888430934],[6.561761490677793,52.447361624514805],[6.561844472686117,52.44726804309538],[6.561809044948911,52.44713599737451],[6.561396138325327,52.44706989189536],[6.56143370706447,52.446789445642466],[6.562256047494568,52.44647542253872],[6.562893937147678,52.445763786015014],[6.563254670424767,52.4458834707866],[6.563354919276986,52.44582763829776],[6.566326926486875,52.446818310096404],[6.5667759642195875,52.44625600202733],[6.570522367214771,52.44752203228499],[6.570047842426774,52.44807063234155],[6.571064041646147,52.4483984417345],[6.571165588473701,52.44836432328913],[6.571632862720561,52.446503720099805],[6.596386700057444,52.4548078156188],[6.598147593594392,52.4390293630394],[6.587734555390523,52.43391028922911],[6.573968416696983,52.423316611673876],[6.572469482117446,52.423315038504896],[6.573445161580687,52.42145628394244],[6.575835369559612,52.41768355889008],[6.590830920645285,52.39572227091297],[6.598797997182533,52.38362776282882]]]},"id":"10166a31-65c2-55f4-9a09-dc80915515e9"},{"type":"Feature","properties":{"code":"1742","identificatie":"GM1742","ligt_in_provincie_code":"23","ligt_in_provincie_naam":"Overijssel","naam":"Rijssen-Holten"},"geometry":{"type":"Polygon","coordinates":[[[6.416422228279948,52.242166351854785],[6.417978687756634,52.24348557111498],[6.419311746912242,52.24411930616431],[6.420744663742878,52.24493137263697],[6.42506819934482,52.247954545766795],[6.426226175776559,52.248862423910474],[6.42848612169013,52.24820329103378],[6.429385971913329,52.24907588739972],[6.431821270372003,52.250901513232634],[6.430057384696002,52.25134241472603],[6.42958342715293,52.2515282904947],[6.429684604919507,52.25169802475742],[6.4330463644653335,52.25284490847777],[6.436459148503097,52.253896083631226],[6.43674838191518,52.254052033874665],[6.436995642376452,52.25406402928201],[6.439043396482043,52.25473023569116],[6.441490181167544,52.25659707097195],[6.4478120868706235,52.25784338604804],[6.4489709118821406,52.258453231610055],[6.461796926053709,52.26340333614043],[6.4631441495659185,52.263998818404254],[6.463100485151013,52.26404083257533],[6.4663252944510585,52.265392404436525],[6.471001524378406,52.2676860373381],[6.471230978508394,52.269309753629926],[6.472077169938455,52.26971915832288],[6.475563980832679,52.271283698850894],[6.476811287913139,52.271602716724715],[6.477157288719407,52.27192047590461],[6.477641084053362,52.27185587911557],[6.478112269057129,52.27217852935021],[6.480666741211324,52.27304772097371],[6.481823866923841,52.273250329490075],[6.482974282860704,52.273805704906835],[6.485259603456922,52.27460645597295],[6.489782312889998,52.27556980577502],[6.490030333604635,52.27591474231229],[6.494897983465258,52.277102184714835],[6.504465452608437,52.27963777551262],[6.504606205949216,52.27953380521897],[6.5072020118913345,52.27994845189985],[6.5087051374574605,52.280846409010046],[6.5106341419090406,52.28126096164751],[6.5140154989033325,52.28175115917346],[6.515687135159997,52.28217938224146],[6.516580903832554,52.28273774737823],[6.517263933670895,52.28304786392257],[6.51786928779901,52.28287077987753],[6.5183951502727,52.28281946552329],[6.520307199882116,52.28296434197925],[6.521347132831993,52.28332449388142],[6.521962027973566,52.28338555514275],[6.522542474172332,52.283431340168384],[6.523537898103333,52.28329967276711],[6.525812738280387,52.28349895605314],[6.529307328743806,52.28329180932005],[6.531429363514191,52.283082315994136],[6.532831115076915,52.28283798194669],[6.534890032779557,52.28299169745355],[6.535166947688141,52.28296189837395],[6.535795272661413,52.2827043842786],[6.541561739674529,52.282683241116885],[6.541546583910206,52.28226669043788],[6.551996093142391,52.28326970585189],[6.554008645759327,52.283312959934385],[6.550262844131772,52.28736562655461],[6.549962791706604,52.28780196968337],[6.552348444181884,52.294536671154425],[6.552266200856227,52.295146561461856],[6.552939244633154,52.29490992714712],[6.553377622455162,52.29492464031734],[6.553539100385837,52.29722560715752],[6.5531525373668895,52.299682897051724],[6.552144472777776,52.30399250342829],[6.551813160546349,52.304331209653924],[6.551705633166679,52.304572126954454],[6.551674888498327,52.304806634038194],[6.5518523888809055,52.30527208038643],[6.551095723677669,52.30829578248767],[6.550690973452042,52.30957819905245],[6.550108825753533,52.31092893654356],[6.549424024321927,52.31210860431502],[6.549008415687652,52.31217070984996],[6.549029755711242,52.31265456563275],[6.545089036795479,52.31837526718244],[6.544082851075309,52.3178390852757],[6.543606197015472,52.31776047899353],[6.542808496080345,52.317425044786795],[6.542620528494177,52.31707642169273],[6.542464384508376,52.31701110925991],[6.542161304995013,52.31701454660689],[6.542484418379775,52.31727376306756],[6.54127827134622,52.31678199968502],[6.541387286792222,52.316503632567844],[6.53965175683188,52.31580314795428],[6.5389533902519394,52.31582417279041],[6.53804117267441,52.31552449974149],[6.537582389570724,52.315566500293066],[6.537564048494384,52.315642064932035],[6.536845010210977,52.315644645385014],[6.536550864421041,52.31546079696423],[6.535841017513104,52.31564056126599],[6.535774585596378,52.31575087476375],[6.536212937465213,52.315703048555505],[6.5359282099830205,52.31591438333372],[6.534947740247985,52.316182242366665],[6.5346930640338154,52.316102712693656],[6.532846354302421,52.316775204856015],[6.532771107179592,52.317018325413905],[6.532381721626288,52.3173389312389],[6.5318100361887526,52.318011391582836],[6.531524565017567,52.31857827847988],[6.531078268819604,52.318888941020894],[6.529226508293227,52.321034008631614],[6.52850170393796,52.32223768189355],[6.528055784074018,52.322585208319644],[6.527763386024548,52.32302191858036],[6.5275764437444455,52.323141281277145],[6.527082813237977,52.32342462818231],[6.526399572364448,52.323602639787076],[6.526090705675543,52.323774534502164],[6.526046092081165,52.32397794981789],[6.525623597496157,52.324521898851295],[6.525581991367873,52.324808958231586],[6.52523225737758,52.32513247422569],[6.524877574192345,52.32567693620507],[6.524629946293896,52.325620839648586],[6.524219129678282,52.325311517007485],[6.523931315303019,52.32485861603947],[6.524120337251622,52.32401154552449],[6.523869757318569,52.3238993341169],[6.523137630244978,52.323833581195814],[6.5215443682730125,52.323851410620286],[6.518060080588242,52.324407549818076],[6.517892597143389,52.32458372438039],[6.517908492961035,52.325174434749464],[6.499327277371547,52.323521662170904],[6.46818948833463,52.32646224556006],[6.460919867964371,52.320058613621526],[6.455012280859873,52.320801741417924],[6.447619140001623,52.32211621446545],[6.4297329418784,52.325061583116145],[6.421896013020857,52.325689999608315],[6.4117348542359816,52.32454636811237],[6.40203536130608,52.32314010379336],[6.376152359453201,52.32053133765795],[6.356015671871715,52.318218784544165],[6.349613684070355,52.3146415893894],[6.3411937859581124,52.309078486349925],[6.326529854159415,52.30163153874812],[6.328842016095894,52.28110297475048],[6.3300985357191095,52.28064427953294],[6.33009913034023,52.280489227362686],[6.330232239964016,52.28036289581966],[6.3307265212850465,52.280208109225875],[6.3312068137767685,52.280192480655735],[6.331715810752114,52.279987022358306],[6.333112628150579,52.27934442381009],[6.3331374243104035,52.27920743295204],[6.333652417419046,52.27894040248862],[6.335359963694245,52.2783312227412],[6.337642878339928,52.277310447445466],[6.338015527750789,52.277034745260494],[6.3380788652467555,52.27683082200226],[6.339542216915981,52.27649231306062],[6.343610140719058,52.274698912960844],[6.343628594649639,52.274625634923936],[6.346599110597747,52.27326762776763],[6.347461718137895,52.27301522204492],[6.348645482528934,52.27235861816975],[6.348681588931306,52.27221244438037],[6.348866837294092,52.27205885483918],[6.3500421154141025,52.271770286436684],[6.35053770582478,52.27144878012515],[6.350360742125634,52.27127423204833],[6.350180225607315,52.27129412949029],[6.3488567897695285,52.26989183196982],[6.350831523319939,52.26925391369569],[6.3518462996105525,52.27052597083518],[6.352020476067698,52.270889293745775],[6.354883856505851,52.26920124270398],[6.352842966155387,52.26835048009262],[6.355376253978812,52.26726567560776],[6.356718040344535,52.268128236773656],[6.363488306227453,52.2642085857637],[6.363062084355042,52.26401029252611],[6.364543306648845,52.26315669552134],[6.36483397263859,52.2634333150296],[6.370775291365183,52.26000645130912],[6.372897393755987,52.26100040059391],[6.373120636398659,52.26078245794769],[6.3767219989542046,52.25875243910817],[6.37719426332515,52.2589379564578],[6.377374815315703,52.258764496067904],[6.377162479294047,52.25868133586446],[6.377222494131564,52.25664860309239],[6.374809754495724,52.25629790518696],[6.374796285928877,52.256067286882995],[6.374803039019378,52.255315894278475],[6.374933943619206,52.25519561418342],[6.37488024352577,52.25513594913037],[6.375970351927847,52.25489192735502],[6.377236070131732,52.2544570120703],[6.377317060791624,52.25432594812753],[6.376805755724883,52.25349194306853],[6.376342977284222,52.25219293922374],[6.376542143111089,52.25134943051631],[6.377169493381721,52.25085175568613],[6.37673181881599,52.250345576548405],[6.376720989178059,52.25021026661204],[6.376889288393075,52.250072098577355],[6.377879448442184,52.249853901259925],[6.378744003690248,52.2491551715142],[6.3812246109117785,52.247396850486076],[6.381314268706493,52.247158641064296],[6.380780246713664,52.246941823174126],[6.380778265683431,52.24681375555111],[6.380912536764884,52.24669523775569],[6.381851606958559,52.246322126205406],[6.381899002004457,52.24600219035673],[6.382321294568308,52.24568625992778],[6.383006977466317,52.244597336079075],[6.383129127286694,52.24427407271141],[6.383410827445522,52.24401580664895],[6.385962721515806,52.24310926564959],[6.387732143228347,52.24296678791253],[6.389740691761173,52.2425753428179],[6.39066066878192,52.24250283094165],[6.392032385215862,52.24275655876032],[6.393243993741117,52.2428634970687],[6.3947728448659955,52.242717983221155],[6.395605585904242,52.24276727770232],[6.397700678108988,52.242984416093215],[6.398333713891252,52.24318166820846],[6.399011055791956,52.24324526638032],[6.401750627634651,52.243171077450214],[6.402618864400415,52.24327170994381],[6.404008861288732,52.24317490881518],[6.405289762062979,52.24293903739747],[6.405973610776071,52.242904718745294],[6.409214408672373,52.24289637486236],[6.410056702732059,52.24307243724163],[6.411049931960249,52.24304646494064],[6.411614772279324,52.24293105411165],[6.412294894484753,52.24267221850486],[6.41382687164047,52.24261297994738],[6.415091692015743,52.24233673863545],[6.416422228279948,52.242166351854785]]]},"id":"f48cccbb-331f-5ade-9c60-d27e6058d236"},{"type":"Feature","properties":{"code":"0141","identificatie":"GM0141","ligt_in_provincie_code":"23","ligt_in_provincie_naam":"Overijssel","naam":"Almelo"},"geometry":{"type":"Polygon","coordinates":[[[6.658073235561986,52.29588979973116],[6.659897351910038,52.296365133089914],[6.659978268652815,52.296241458605934],[6.660100372739996,52.29642147206052],[6.660800428671795,52.29661168149688],[6.661034804226333,52.29655937655431],[6.661107031632184,52.29669519890797],[6.664638566314473,52.29775930169954],[6.667901711246882,52.298855151892035],[6.671445728605493,52.30030891893724],[6.675024588039036,52.30197931409941],[6.675287630665103,52.301771416215644],[6.6754393024953975,52.30178217672218],[6.675355000098383,52.30209539817652],[6.676117263215566,52.30248011906369],[6.676346684250171,52.30245316804766],[6.67803669081596,52.3033839480077],[6.680030866179403,52.304242560615414],[6.6803337327539065,52.304475200843065],[6.68244006353108,52.30552547957895],[6.682383518969593,52.30567277648837],[6.68363656096244,52.306204843160145],[6.684777796999328,52.30663121255874],[6.685153623770966,52.30646921839206],[6.685562362468431,52.30680919441764],[6.686894593993816,52.30732188546404],[6.687172958514746,52.30721392672121],[6.6874342272976675,52.30748231407056],[6.6887148580724265,52.307939633739835],[6.690032786806705,52.308262758933644],[6.690940198124308,52.30839106427343],[6.689481310602509,52.30958863576181],[6.690347092699993,52.310155576088476],[6.690686354343356,52.310544731606925],[6.690695477626346,52.31147817831648],[6.69109769784413,52.31148070014184],[6.690988650660814,52.31210836942169],[6.690711933794045,52.312547012512944],[6.690042303179551,52.31300955374854],[6.69231953956862,52.313967601695666],[6.69015666130415,52.31473133424981],[6.690229455188699,52.3147924190786],[6.691848941770706,52.314888329214185],[6.6946810330513085,52.31481057220178],[6.6948696316903575,52.31499432753215],[6.705895954606052,52.31795685349129],[6.704353851827268,52.31973633965809],[6.707010183006385,52.32100414783038],[6.697436976712609,52.325587795880395],[6.696873263051824,52.32576209282975],[6.694945198399291,52.32682289889499],[6.695207075530403,52.32697791547349],[6.696953853145959,52.32980727038219],[6.706841171819027,52.332258756757966],[6.709446966549702,52.330599814092785],[6.709801488396017,52.330805717529046],[6.712356045660341,52.333414409985984],[6.712697910779515,52.33359866714317],[6.713446185177451,52.33420543693155],[6.715038864321822,52.336184555229956],[6.715586578303505,52.3365697989926],[6.7186847620820505,52.33799276389654],[6.719208171223674,52.338465535951656],[6.719104081765478,52.338489413583964],[6.721010485001343,52.3401276643134],[6.721167950668645,52.341080594823126],[6.720845661946201,52.34120753596724],[6.7136414019133275,52.34226635281042],[6.7097408920610695,52.34343458354816],[6.712006807775438,52.345398957387786],[6.714884790136336,52.346204927501084],[6.714138006621303,52.34679839724594],[6.714437131662376,52.3470868943369],[6.715040089395732,52.34744317971751],[6.720563189813231,52.352329126665886],[6.719693372965648,52.36128896723631],[6.71804938682225,52.36216537353093],[6.715661337100323,52.36654911855496],[6.7126757604628216,52.37404654328154],[6.712764890919602,52.3752001951534],[6.713465766126815,52.376262733458255],[6.7134652974757145,52.37648907192286],[6.712519646640887,52.37650915767421],[6.712438378617442,52.37671388443391],[6.7116242336121665,52.376580151413144],[6.711049943413167,52.37702256027361],[6.710282726065261,52.37701587732394],[6.709824522259104,52.376876003824535],[6.708097747054849,52.376900529660944],[6.707009970331112,52.37721210274984],[6.705302736512267,52.37813180463353],[6.697881643088213,52.3912740323],[6.698635303416251,52.39374107104791],[6.691112575954897,52.39280255955854],[6.687387309932254,52.393298587979494],[6.686051309489,52.39324265815912],[6.685229053775085,52.39310491229777],[6.685177392541131,52.39309381163758],[6.685581266525672,52.392079169890984],[6.6848566019658096,52.39127714085836],[6.684391224509308,52.39089899723595],[6.676119896436422,52.39615066522014],[6.675885883123809,52.39603590371369],[6.676002078594164,52.395671700476484],[6.675848983032535,52.39526996244344],[6.671895918961091,52.38885139712562],[6.668146125570107,52.3897665366639],[6.667157168177959,52.38992823242741],[6.6657413734131605,52.38989862629496],[6.664168721973568,52.389514292087],[6.656992007554541,52.39482909972603],[6.656724032425475,52.39511873353576],[6.656455694544791,52.395228636790314],[6.651751700217404,52.39872452181789],[6.647626005030818,52.395453623630054],[6.644477053637175,52.396922953437944],[6.640199568495618,52.399122747159986],[6.639569514512082,52.398061486320685],[6.638712630092554,52.397117133213335],[6.637778985135863,52.39636556935623],[6.636381542290572,52.395535651057656],[6.629063702871853,52.392417743574754],[6.6217631754360315,52.389545321446526],[6.620626241905659,52.38999851521701],[6.620219626138808,52.38982795313471],[6.619983427723677,52.38997720349606],[6.619492089363858,52.38983040581381],[6.6186721626414595,52.38934087112912],[6.618513914101829,52.38904711221424],[6.618348585731709,52.38842972594044],[6.617924210484183,52.38799973659782],[6.615175444116689,52.386716035169506],[6.615249039435378,52.386630043243485],[6.6150444943213085,52.386546370540614],[6.614928449834107,52.38665326033172],[6.615037198816254,52.386543390148375],[6.61397938345797,52.38611947062616],[6.609454969944356,52.389551481387734],[6.598851199321962,52.38365830018241],[6.606398559088681,52.37216200402109],[6.608313526845349,52.36753712897814],[6.608543362708807,52.36717366329913],[6.608982215270063,52.366773343662494],[6.609551237259043,52.3664547851002],[6.613410046730987,52.3651045739336],[6.6141034138184205,52.36461524453201],[6.614021372530474,52.36456668551191],[6.614629812081795,52.36401576344405],[6.615151648924611,52.36333584429896],[6.61548614186098,52.36253415907666],[6.615561380125824,52.36208383686783],[6.6155553483406635,52.361559178602626],[6.615401571700628,52.36074553711638],[6.614276982251559,52.35643486523835],[6.613773979974772,52.356062339722776],[6.612770215891351,52.355849036430286],[6.611916009288598,52.35554224227069],[6.611017185445085,52.355060322357815],[6.610318056925102,52.35445765625437],[6.609962980328773,52.35392228685332],[6.609814728847233,52.353352303706636],[6.6097799681939176,52.352941673055895],[6.609917045121977,52.352243108726604],[6.609874703614961,52.352129401439726],[6.608244258692151,52.349111994720296],[6.604673379653148,52.34489774357035],[6.60391574213399,52.34452491208091],[6.60299553650368,52.344210536195035],[6.59770479877282,52.34289998533877],[6.598271962762756,52.342193598377285],[6.59819908731529,52.342161994913255],[6.598687588420573,52.341406129421976],[6.598825434841822,52.34034686997058],[6.599467074697076,52.339491969604474],[6.601767688365862,52.33728169720299],[6.603422503040745,52.33595563196569],[6.606710984434789,52.33373376577988],[6.6093183241745885,52.33225994100366],[6.61328769283675,52.3303982364414],[6.616558978642943,52.32915803978234],[6.619020265464702,52.3261451364032],[6.612667261996212,52.31985471982995],[6.612587585322065,52.31971497355863],[6.612879440638235,52.31939945237645],[6.613073476433643,52.319024613431935],[6.6128110114159355,52.31856240114663],[6.612577126003238,52.318431902481734],[6.6120558918617665,52.31832496423107],[6.611887138927064,52.31818559191187],[6.611759692527009,52.31792873356888],[6.611529618570666,52.317774517526416],[6.610799207462168,52.317639376277675],[6.610253484494951,52.31740647526709],[6.609958660414939,52.31746418402164],[6.610229554560089,52.31639866505541],[6.608265969058908,52.31589391182278],[6.604762769470483,52.312225334963934],[6.605040481855974,52.31222545879527],[6.6053508368865295,52.31201480550763],[6.606308370040753,52.31214896828706],[6.60685561618267,52.312491190280795],[6.609203942204069,52.31240807494932],[6.6093608090233005,52.31279931660511],[6.609928182033154,52.313281726854015],[6.610382855473498,52.31333381344761],[6.61112956382184,52.3132247755716],[6.614007897838997,52.31205616324989],[6.614462430722564,52.31171973149567],[6.614360084445742,52.31159250896988],[6.614446910975896,52.31157949109351],[6.61438942816337,52.31149796818398],[6.6147399080546405,52.31142227723016],[6.6147165725598756,52.31111495749144],[6.614355537434323,52.31068807196598],[6.613827096959105,52.310277250187596],[6.614042670109014,52.31000160781488],[6.613915124878567,52.30965899250104],[6.614029457215901,52.30959972190876],[6.6150127494257465,52.309928140454964],[6.615205536491452,52.30975795281081],[6.6157575673616345,52.30990643442697],[6.61643487824337,52.3098448511947],[6.6166343494412105,52.309752639510286],[6.616782015242794,52.30910180471197],[6.615449118524521,52.308842614289816],[6.61522379136981,52.3090391713376],[6.615207933534097,52.30916786374228],[6.614750761438856,52.309174202685924],[6.614065499879808,52.30847039162606],[6.612398477697324,52.308132900974876],[6.611916021521601,52.30782445049238],[6.611103886704725,52.307526404805],[6.610326499614329,52.307655886165016],[6.609209031005484,52.30768411645891],[6.607915099462633,52.307541326240305],[6.618747460339697,52.30617548917086],[6.631782330979025,52.30177990966698],[6.626066252019869,52.289973947579256],[6.633278377342959,52.291258835106454],[6.635592484879774,52.29108380942501],[6.63670490792427,52.29073812572531],[6.637787512250095,52.29198580399945],[6.638742281272722,52.2921506163706],[6.6392484334511925,52.29198680363912],[6.640741321535206,52.292015688498616],[6.641604110122663,52.291736272674335],[6.642288034995824,52.29252863280942],[6.64746457827604,52.29371098888167],[6.647496330466932,52.29365204429058],[6.651002154985009,52.294218017457595],[6.652380242873807,52.29390618064173],[6.657519785393789,52.29485430462858],[6.658073235561986,52.29588979973116]]]},"id":"71fdbca8-b5a0-5708-a78b-dc42dee33671"},{"type":"Feature","properties":{"code":"0164","identificatie":"GM0164","ligt_in_provincie_code":"23","ligt_in_provincie_naam":"Overijssel","naam":"Hengelo"},"geometry":{"type":"Polygon","coordinates":[[[6.738748777831083,52.19866740042674],[6.766800541643391,52.19106489798405],[6.766323753519096,52.203138702815444],[6.762400883440249,52.20781963543341],[6.759623605238098,52.21003479781084],[6.755892710151454,52.21739635931627],[6.769055337315385,52.22701277186261],[6.765190286040372,52.233137572551996],[6.774433879623254,52.2384563134075],[6.813753932931253,52.22948268736969],[6.81953850570981,52.243657056133756],[6.827239488926059,52.24829713757231],[6.842562125033372,52.25390918603816],[6.842250431910057,52.25427493373055],[6.840885055893283,52.257664564387454],[6.84084275001091,52.259297878457566],[6.8402877157839574,52.26108594489272],[6.840701107580658,52.262076617651346],[6.843351706476403,52.263696569739935],[6.8438038405135275,52.265554131828154],[6.843514532112402,52.26659260415423],[6.840277383191065,52.269076962958344],[6.836354249278831,52.27074652252423],[6.831744609034605,52.27351174190184],[6.837846047881601,52.27663226747101],[6.840491564894971,52.27631153482262],[6.841246296402853,52.27657048101028],[6.841172670057311,52.27665017558839],[6.841250707093995,52.27667979584155],[6.841032326214411,52.276889553554916],[6.842451783590223,52.276978518375],[6.847570004827111,52.27858384630224],[6.846625263903846,52.279496468415964],[6.8457607319106835,52.27975896995483],[6.849155209835521,52.28107027916577],[6.849385243780549,52.281266997756916],[6.849495665573135,52.28152993496314],[6.851190152323632,52.28173813722417],[6.8520141352738335,52.28205950324149],[6.852049107320011,52.28212049158985],[6.851798306703616,52.2823304193896],[6.851078433573112,52.28262970230789],[6.850645286203101,52.28297194823336],[6.851181262356587,52.28320725724139],[6.850304375736255,52.284131498914746],[6.852527342469005,52.28487104922439],[6.852347201766623,52.28513685831852],[6.852376395504106,52.285228336980374],[6.852193974098567,52.28542280142017],[6.851563398959905,52.285923834374856],[6.84971468213903,52.287955597694335],[6.846374992308205,52.29140197964183],[6.8461082931731,52.29120193246844],[6.842546573717382,52.291770963934304],[6.843058049379171,52.29220781182255],[6.843202396355968,52.29244830440627],[6.839589969558427,52.29330362035361],[6.839466790623251,52.293120896191674],[6.838400103729764,52.293369176879445],[6.837500278512349,52.29324367087407],[6.83649107728915,52.29323717382101],[6.83544880401736,52.293930117655705],[6.83493148627265,52.29414152060686],[6.833826811656308,52.29423091364334],[6.831186226765809,52.29397924368414],[6.827901941478751,52.294862307120546],[6.828407593934611,52.29535080383377],[6.823068257503037,52.29709709770803],[6.820516713658182,52.29842804528638],[6.8203813355567835,52.29914458485886],[6.819142807211135,52.30083926499146],[6.819237101276188,52.30144831726639],[6.819789721801689,52.30148785995175],[6.819994051599387,52.30242726899704],[6.82041979292879,52.302506396785645],[6.8206952247926695,52.3024173925233],[6.8211451264157965,52.30242775612597],[6.821701145672475,52.30330952833559],[6.821824782649224,52.30318682130977],[6.82217023613246,52.30331807319633],[6.823450297602392,52.30413759759444],[6.824063702351606,52.30424907543616],[6.82389559176563,52.304423858814395],[6.825691456784323,52.30640012064129],[6.823616574348286,52.308127329895676],[6.823467083115794,52.308326947241824],[6.82333619514795,52.30875951971962],[6.812251402065169,52.31088728900469],[6.809334793983307,52.31036286109263],[6.8081394757745075,52.31207718427104],[6.807859347892659,52.31263866127114],[6.8078158783292615,52.31309122526235],[6.805106609008876,52.31327202064739],[6.8020388310183755,52.31358607982838],[6.801934351927757,52.31323959581321],[6.801997476679681,52.31277186878029],[6.801784807273615,52.3109529092657],[6.80182590848612,52.31077911203925],[6.80137070224779,52.30873006165219],[6.80123362710894,52.3085466923407],[6.798157090908798,52.307638469963265],[6.7974514261430725,52.30670081181085],[6.795601680694277,52.30635899487002],[6.7940641333850245,52.306206065481085],[6.79402501361245,52.306146934867456],[6.794126704295756,52.30601760632256],[6.792806631728179,52.30585230129321],[6.791278950995528,52.30540151646417],[6.790780621951799,52.3053289257075],[6.7899824072315855,52.30542265320128],[6.789201356023681,52.30539776148547],[6.787892195331134,52.30497555070199],[6.788383013266098,52.303651400902865],[6.792550567458127,52.300386788189535],[6.788070476002199,52.29998540200706],[6.7863224779749665,52.29967864134268],[6.785048611783841,52.299812725560095],[6.780608360700254,52.296970291706415],[6.7799883849903555,52.297173178531935],[6.775516326485645,52.29315251070482],[6.77344555231518,52.29240004541038],[6.77069184068987,52.29227466584578],[6.770271579263821,52.29166981706625],[6.770024645613421,52.29159404513176],[6.768366661454554,52.29175468340048],[6.768386180884239,52.291854923627255],[6.7677577045565,52.29246548109575],[6.767749957203525,52.292632287691006],[6.767442179916011,52.29224484974238],[6.767324479313392,52.292199077759065],[6.767109646220332,52.29178700279697],[6.766930129766369,52.29140462778411],[6.766792168339585,52.29066979119142],[6.766682780253841,52.29051905768303],[6.763220839193084,52.28840553662873],[6.759067903252862,52.28800128415889],[6.759194020123851,52.287841238995114],[6.756954532446544,52.287418638256774],[6.754605210702172,52.287145519122376],[6.754119887499554,52.28713011780706],[6.753491652051686,52.2872367902044],[6.753252035094188,52.28738347141375],[6.7532550036412635,52.28750723125528],[6.752961396727662,52.28756129480392],[6.752248503502869,52.2867999079593],[6.751881929234957,52.28674353897428],[6.750363936645893,52.28513574395467],[6.749844569191452,52.28500639806089],[6.749497836918864,52.285014836162276],[6.742886460209114,52.28311347961948],[6.7436912285064015,52.281576180487164],[6.743606310673023,52.28154731237166],[6.7437553162159345,52.28146372269004],[6.74433510648315,52.28170531863244],[6.744782035557138,52.28138031752208],[6.744964435230038,52.280915638870134],[6.745766223335209,52.28013081327603],[6.74694381535797,52.27837434266846],[6.747139388731716,52.27824849546225],[6.747621073570352,52.277335132142056],[6.748134814368111,52.276048773973464],[6.748511667342432,52.27474014285631],[6.748577168035049,52.27422182855886],[6.7487097919806365,52.27413027710165],[6.74858943990182,52.274140221269484],[6.748668600774322,52.27403886778849],[6.748610186270939,52.273397899181205],[6.748977582724961,52.2714802632805],[6.74906827810052,52.271468647002024],[6.749136740356056,52.27113252880538],[6.749311842380408,52.27110399309069],[6.749367913326392,52.27101633457013],[6.748737193788401,52.2701983743613],[6.748625735758423,52.27023525462352],[6.748564192869947,52.270166695702926],[6.749256967735098,52.269930609888085],[6.749259964300689,52.26958597870603],[6.749372900269639,52.26954958415929],[6.7494134196544096,52.26906148068109],[6.748815711764698,52.267005779348196],[6.748752770584871,52.267084734770364],[6.747904958301395,52.266866077931276],[6.748941230790607,52.265890118834996],[6.748981936258869,52.2652731128055],[6.749292675489853,52.26467714658603],[6.7492549634817784,52.264435034968585],[6.749377861710429,52.2639657207217],[6.749578272548958,52.26352565204875],[6.750179657021063,52.262641401820254],[6.750577022546053,52.26174512083681],[6.750918940906788,52.26059850911612],[6.750730608164123,52.260214152769024],[6.7508485728528065,52.260181572704575],[6.750788341507648,52.26009667597146],[6.750916217514003,52.26006248028331],[6.751376049576705,52.25818367395632],[6.751065423409861,52.25774141272335],[6.751641046388265,52.2576157523337],[6.752772637746912,52.25336489463397],[6.7522768965090885,52.253047097174104],[6.752959510449648,52.25236956094698],[6.752032388146534,52.25201064588871],[6.751452681437688,52.25187751214883],[6.7502266630943755,52.251736321121285],[6.748907968489666,52.251815110137336],[6.74865551179505,52.25167195113872],[6.748277092819163,52.25169177341391],[6.748197286868696,52.25184642986172],[6.746771576376245,52.251778884631086],[6.745121035060182,52.251991447816344],[6.74494775295271,52.25199517475567],[6.744983626601527,52.25189408697217],[6.729337041132947,52.2525575448778],[6.72419389192822,52.252707157059],[6.721781072178724,52.24999945575972],[6.721355084931596,52.249627447344395],[6.7196163522530306,52.248616693932036],[6.717926716045534,52.243514243851365],[6.719859532756306,52.2438366047066],[6.720055388410083,52.243742249736016],[6.720539898657624,52.241773822371066],[6.721103381835282,52.24120083761252],[6.721221159635166,52.2407668376965],[6.721068072190481,52.240524483610955],[6.7207505249155055,52.24026209877482],[6.72127315876745,52.2397192104324],[6.721502503788854,52.239292578920406],[6.721508731042791,52.239151095854055],[6.721144657883425,52.238830037158365],[6.720936609968504,52.23808531419509],[6.720672741371491,52.23799395613842],[6.719557374942975,52.23790224836149],[6.71889714904481,52.23785579866387],[6.718663589318551,52.237910630662434],[6.718547883828434,52.23813011271109],[6.718606382362477,52.23853703477265],[6.718811514527603,52.23893693701667],[6.71879982639495,52.23917610939187],[6.718071782644125,52.23963470322906],[6.7179971723433995,52.23960844268522],[6.717641812018475,52.23981420162091],[6.7173033874314,52.240295231979644],[6.717087846349203,52.24098049736162],[6.716430722072573,52.23899549063448],[6.716456165516244,52.23875611880457],[6.716306285605489,52.2386195753105],[6.71213972009115,52.22602899571662],[6.703239479841758,52.2194421096381],[6.7020391371711385,52.21682155121438],[6.712387766342332,52.20633143274624],[6.738748777831083,52.19866740042674]]]},"id":"e70ef62d-8598-51f1-860e-4d716cee60df"},{"type":"Feature","properties":{"code":"0163","identificatie":"GM0163","ligt_in_provincie_code":"23","ligt_in_provincie_naam":"Overijssel","naam":"Hellendoorn"},"geometry":{"type":"Polygon","coordinates":[[[6.356015671871715,52.318218784544165],[6.376152359453201,52.32053133765795],[6.40203536130608,52.32314010379336],[6.4117348542359816,52.32454636811237],[6.421896013020857,52.325689999608315],[6.4297329418784,52.325061583116145],[6.447619140001623,52.32211621446545],[6.455012280859873,52.320801741417924],[6.460919867964371,52.320058613621526],[6.486775721609553,52.3428354608414],[6.486588031372556,52.34301768234814],[6.487844086144959,52.34340645898121],[6.488446843356847,52.34378535208921],[6.487450723236996,52.34443998453665],[6.486608697554539,52.34520866736151],[6.48831090427381,52.345489800088906],[6.4887446888378015,52.345670462734645],[6.489133616062954,52.345954745785],[6.4906324283119545,52.34916668844287],[6.490795111510276,52.34935535504785],[6.495977862936442,52.34995450144457],[6.497767929620753,52.350739982498624],[6.50134717631822,52.35291612062696],[6.505839390302694,52.35245014411983],[6.506663206535975,52.35527638645961],[6.5113712933091135,52.3551637197215],[6.511385238563452,52.35526564095542],[6.51887255804219,52.355161135954276],[6.519435004946877,52.35788276008007],[6.520792789918542,52.36141489211808],[6.512348291158883,52.36191147592286],[6.512452779325877,52.36266819037194],[6.499058628549169,52.36356192886493],[6.496170547799848,52.36794884903725],[6.496077861339804,52.36794289550288],[6.495516282512927,52.37618035203418],[6.5126065346717725,52.38183956637463],[6.514108255486641,52.38166510613467],[6.508538770855594,52.39215224010813],[6.515982361433002,52.40612226578484],[6.575951935564871,52.41751349818893],[6.573445161580687,52.42145628394244],[6.572469482117446,52.423315038504896],[6.573968416696983,52.423316611673876],[6.587734555390523,52.43391028922911],[6.598147593594392,52.4390293630394],[6.596386700057444,52.4548078156188],[6.571632862720561,52.446503720099805],[6.571165588473701,52.44836432328913],[6.571064041646147,52.4483984417345],[6.570047842426774,52.44807063234155],[6.570522367214771,52.44752203228499],[6.5667759642195875,52.44625600202733],[6.566326926486875,52.446818310096404],[6.563354919276986,52.44582763829776],[6.563254670424767,52.4458834707866],[6.562893937147678,52.445763786015014],[6.562256047494568,52.44647542253872],[6.56143370706447,52.446789445642466],[6.561396138325327,52.44706989189536],[6.561809044948911,52.44713599737451],[6.561844472686117,52.44726804309538],[6.561761490677793,52.447361624514805],[6.560577925460241,52.447811888430934],[6.5602091596700225,52.44774075763757],[6.559907998519468,52.447861394984855],[6.559143880215732,52.44863664160651],[6.558345935703671,52.44897431013085],[6.556906139970713,52.449000487119896],[6.556299826047044,52.4487971350585],[6.555692312465625,52.448954669601896],[6.5553470780016285,52.448844372539575],[6.554856554731983,52.448524282750135],[6.554512940744911,52.44845845909976],[6.55297687399782,52.448939352940066],[6.552307799931593,52.44901100888725],[6.551848696643524,52.449207421313986],[6.551722458650056,52.449189966567474],[6.551756620130914,52.44952084722043],[6.551693662481167,52.44973898122841],[6.551358935056859,52.449876824304575],[6.550933300608099,52.44986968030679],[6.549992537488968,52.45005490591063],[6.54863976961222,52.45007455538829],[6.547726331347358,52.45020277934285],[6.547441600552395,52.45031234791336],[6.547217883647827,52.45051587459683],[6.546919867673978,52.45050602855993],[6.546224677463926,52.450688280902895],[6.545791932549746,52.45048857032604],[6.545144510640904,52.450826654387555],[6.544717293640003,52.450815548657204],[6.544464423299059,52.45104119618769],[6.5442637020891885,52.45096594761432],[6.543931371936402,52.45103354804819],[6.543682550760043,52.450947263133955],[6.543070770122534,52.4512314180277],[6.542886417011237,52.451180095886095],[6.542547796012208,52.450916897482415],[6.542177320574226,52.45080267375192],[6.54177561701918,52.45083337358218],[6.541383636498866,52.45103993964394],[6.541036016222217,52.450916366692475],[6.540554575520663,52.450876013988804],[6.539564993020512,52.450253707907976],[6.5389210022959,52.45017326004292],[6.538440587712547,52.44996281385735],[6.538344217852876,52.449715909147095],[6.5378708857337955,52.449745179442715],[6.537805624484327,52.44955957741361],[6.537917772936531,52.449287268939194],[6.5378767862164855,52.44875223902281],[6.537179905774959,52.4484963691421],[6.536239720809687,52.448404732715325],[6.5360810683073804,52.447931873250134],[6.535797114633971,52.44782263312894],[6.535273134864137,52.4478228578799],[6.534602350570235,52.447607796257664],[6.532248411194535,52.44677630217565],[6.531036650784718,52.44621810940591],[6.530704723687368,52.4455922195654],[6.530170891075786,52.444970388983805],[6.531003091461637,52.44468071205694],[6.530829419349321,52.44455161008426],[6.530576247062793,52.444009997031785],[6.530489482742678,52.443549738918804],[6.53053996497918,52.44332895059216],[6.530213830162612,52.44296313125361],[6.5300816482472115,52.44246403244686],[6.529922761012114,52.442200772221554],[6.529942634157249,52.441939472823655],[6.529622476184055,52.44177034628397],[6.528371552083452,52.44064799948765],[6.5280134731888575,52.44061046190503],[6.527760353015246,52.440719049917185],[6.527692522433428,52.440666672452835],[6.527719326505753,52.44045123649442],[6.527479748098001,52.4404689125535],[6.526892864387937,52.440296233701424],[6.526567683870868,52.440348077676845],[6.526442248356392,52.440457502091746],[6.525664543531307,52.44046524785918],[6.525134383423827,52.44022747985161],[6.524503175100257,52.43976040156735],[6.5240696759974455,52.43962632367306],[6.523813304549511,52.43972873258166],[6.523196550823243,52.440184688046806],[6.522077893206899,52.439893136041086],[6.522047876915494,52.440156418614684],[6.522257112598776,52.440383514588376],[6.522261899965862,52.440491578908144],[6.521943406198702,52.44047121569846],[6.521650972511074,52.440280958629685],[6.521202958044427,52.440256962041374],[6.521082719773963,52.44043367060466],[6.521196643643505,52.440622312259826],[6.521074269460189,52.44069563191046],[6.5204063361604145,52.44018695359202],[6.520162409727219,52.439837874643096],[6.5198245068185186,52.439773244701996],[6.519339555732864,52.439527495632355],[6.518932207629905,52.439681382960835],[6.518715850625236,52.4396816879471],[6.518440796876037,52.43952559199816],[6.518595491855813,52.439136210677695],[6.517753309978472,52.438873714753235],[6.517842654890773,52.43873030013021],[6.517707165585845,52.43815391208644],[6.517837690301036,52.43794953291481],[6.5178293248960815,52.43781784561629],[6.517068027228215,52.437809739189284],[6.516215682458946,52.43744961862075],[6.515984522089779,52.43754314164459],[6.515624039252093,52.437843582238294],[6.514872803408452,52.43773052744116],[6.514211339906662,52.43793665686294],[6.514079542822964,52.438272478523196],[6.513814950267624,52.4383096356476],[6.5133430624756325,52.43802218559524],[6.512169235255425,52.43808667432268],[6.511857138711642,52.43801623101702],[6.511412394084364,52.437789851150306],[6.511438123603988,52.43760084578261],[6.511698492887733,52.43744794802876],[6.511738905163978,52.43734427200546],[6.511361384758323,52.43718819767608],[6.510901302467582,52.43717339990576],[6.480729126237559,52.44034077822824],[6.480014649749479,52.44032589833476],[6.479748056236621,52.44113355185666],[6.479238304706728,52.44125456738912],[6.477238716604962,52.44128066709962],[6.476162811117193,52.441134023922764],[6.47613820779853,52.44080668603279],[6.475598539632488,52.44085736795068],[6.474528307863473,52.44130599666874],[6.474044543713538,52.44161318330409],[6.473846787143631,52.44206991419026],[6.473840911239036,52.44261575500684],[6.473613430400274,52.442947652068696],[6.469547949035089,52.44487070801238],[6.467388469886268,52.44557224648372],[6.466455649595755,52.447015000426866],[6.465994432273898,52.4481387162309],[6.465757521026591,52.44842284835556],[6.464931197970525,52.449125975836495],[6.46246167187716,52.44999817569088],[6.4623497715108895,52.450101314048226],[6.4625899319097835,52.45007783278409],[6.462369048519176,52.45022742209968],[6.462153010286366,52.45071444362949],[6.462104570718138,52.45106935615663],[6.461715626805979,52.45155237254061],[6.460955755733894,52.45202051254971],[6.460546348070046,52.452163106051415],[6.457988895883107,52.454190312609505],[6.457426742016825,52.45484352287073],[6.455637417110439,52.45753606298546],[6.453489575391836,52.46002213454781],[6.453188509091655,52.460085135117794],[6.450690737290068,52.45997930776863],[6.448549635591655,52.460307440974475],[6.448760028603462,52.46113084147811],[6.449278564692006,52.46113598350046],[6.449405119925239,52.46123068907752],[6.449810632771592,52.46117823951437],[6.450098300749754,52.4612564176456],[6.449265911096239,52.46148888777889],[6.448280755869128,52.46155572151265],[6.4480006952758915,52.46169276216443],[6.4469595708660465,52.461612771381326],[6.445934624848531,52.461170326857804],[6.445628045635776,52.46091895467324],[6.444924133272155,52.4600259740275],[6.44460396228461,52.45914288608597],[6.444606544643981,52.45878938912881],[6.444710099444337,52.458487849984365],[6.445124579346372,52.45822861956405],[6.446123635994407,52.45782970378768],[6.446132290061991,52.457604924542565],[6.445496986033028,52.45728870991939],[6.443644366373224,52.457180369214925],[6.442959848393622,52.45692977933752],[6.442183155688464,52.456311423255094],[6.441734963246402,52.45559493753566],[6.441781763160554,52.45524998115261],[6.44217437443477,52.45499970080753],[6.442891850658553,52.454853043047606],[6.4441203854338,52.4549209979949],[6.444285064243205,52.45488163530553],[6.444397520870328,52.45471273471979],[6.444296811765804,52.454478145476585],[6.443672859583936,52.45373427493772],[6.443081262354206,52.45255829839077],[6.442515760796075,52.45007067978924],[6.442223443073417,52.44983772319403],[6.440653505294839,52.44905244413961],[6.439640798024898,52.4482376677161],[6.439437290881426,52.44816391235657],[6.438538528986852,52.44827636818463],[6.438235026236889,52.448149524563235],[6.43820950354085,52.447887011261805],[6.438495497599688,52.44730014953593],[6.438768012329411,52.44610636010387],[6.438619367577144,52.44579800366519],[6.4375886995000515,52.444870038399024],[6.437549758651796,52.44474342685381],[6.437809145560884,52.4444376710784],[6.43848549750616,52.44409655049723],[6.438351277194269,52.44397208786874],[6.437166188492492,52.4436515109901],[6.434024822051236,52.44179843438751],[6.432602842209445,52.44083590850542],[6.43192422723153,52.44052850700245],[6.428777161179832,52.438687450001474],[6.39031513210373,52.42814451802504],[6.398981321744705,52.42072092994759],[6.405169501316309,52.41554160167642],[6.40081496539618,52.40508059887613],[6.390065526446336,52.38334303140285],[6.38840964966005,52.37978241872114],[6.382474658364655,52.38064931882254],[6.356964692500831,52.37698367642531],[6.354165623078048,52.37563832715807],[6.3430821394890655,52.37003199050397],[6.339130373736951,52.36253442779596],[6.333501865496526,52.35139833687706],[6.338581799565971,52.34226535837343],[6.342387949062207,52.333169266962905],[6.346427154652551,52.32782484270092],[6.356015671871715,52.318218784544165]]]},"id":"481308ab-13b7-5ba5-8c89-c1ec97075d22"}]}